CLDN16	0.035764584
GCKR	0.029497171
IL1A	0.027906902
SULT1C2	0.027747131
OLAH	0.02690981
CDH10	0.026458232
ACTBL2	0.024941202
ARMH1	0.024923833
SLC6A13	0.024713639
KRTAP5-1	0.024695775
MRGPRX3	0.02467566
TLL2	0.024651764
KCTD4	0.024312467
CXCL10	0.024057653
TMEM40	0.022970914
CNGA3	0.02254377
ABCB1	0.022365811
ATP6V0A4	0.022297271
SMCO3	0.02215952
SERPINI1	0.021961241
CPNE4	0.021863667
ABCA4	0.021777622
CXCL3	0.021327108
MT3	0.021161044
CYP3A7	0.020996359
LCE2A	0.020875652
ZMAT1	0.020852444
RFPL4A	0.020751988
KCNN3	0.020691652
CXCL11	0.020216514
HLA-DRB1	0.019850639
OR2I1P	0.019778695
LRRC10B	0.019760094
EFHB	0.019622016
CST2	0.019444581
MYO3B	0.019365046
ABCA9	0.019285461
PTPN22	0.019111772
USP41	0.019099252
GJB5	0.018880728
ALOX5AP	0.018860384
GAD1	0.018823713
RRAGD	0.018773807
LCE2B	0.01855755
TRPM8	0.018537851
CD70	0.018518099
CCL5	0.018459479
PDIA2	0.01845718
CNR1	0.018436528
ABCA12	0.01829935
LAD1	0.017968309
NEURL3	0.017943537
MAFA	0.017850197
ISM2	0.017838965
TAC1	0.017681449
VNN1	0.017656539
ADGRF1	0.017640876
CATSPERG	0.017460296
TLR4	0.017446814
SPEGNB	0.017384194
EHF	0.017381195
DOK7	0.017377983
SLC4A10	0.017311868
ZBED2	0.017282505
SLC30A10	0.017256475
ZP1	0.017191178
AREG	0.01715235
RFPL4AL1	0.017130458
CST6	0.01712292
ADGRB1	0.017096274
CST4	0.017077958
CCL3	0.017055348
MMP7	0.016948678
ANO2	0.016919026
SULT4A1	0.016816505
PLA2G4C	0.016774515
IFNA1	0.016756123
C19orf18	0.016656417
SNAP91	0.016501047
C2orf72	0.016165337
CSF3	0.016154742
DYNC1I1	0.016004907
TM4SF19	0.016001887
TMEM265	0.0159824
ACSL6	0.015891494
PRB2	0.015839121
RBM20	0.015713429
NSG2	0.015710947
PARM1	0.015627692
SLC16A8	0.015497047
KRTAP3-1	0.015486897
TMEM63C	0.015474163
ADGRF5	0.015438369
TAF7L	0.01543171
ALKAL2	0.015408684
MYOM3	0.015377493
RASL10A	0.015175012
WNT11	0.015048638
MUC13	0.014999785
PLEKHD1	0.014931313
COL2A1	0.014895011
CFAP206	0.014767935
LCE2C	0.014755725
GRB14	0.014676827
SLC16A6	0.014649021
LCN12	0.014645733
ILDR2	0.014626375
PCDHA11	0.014602181
ENPP4	0.014557531
CCRL2	0.01443356
TMOD1	0.014411884
ZMYND12	0.014410009
UGT1A6	0.014376821
CARNS1	0.014350052
DAPP1	0.014319324
SEC14L6	0.014307618
MUC19	0.014238935
TMEM88	0.014216199
MYO7A	0.014128236
CECR2	0.014116711
ABCA3	0.014094811
TXLNB	0.014080613
FKBP6	0.014022236
KRT17	0.013918361
SNAP25	0.013901888
C21orf62	0.013862802
GNA14	0.013813186
FSTL5	0.013806689
RGS16	0.013718896
ARHGDIG	0.013704064
CES3	0.013694023
SEZ6	0.013640624
KCNK3	0.013627081
GOLGA7B	0.013609892
PDE11A	0.013547316
PTGES3L-AARSD1	0.013470948
SLITRK1	0.01345851
GAL3ST1	0.013395821
DUSP4	0.013383639
CD36	0.01333838
ELMOD1	0.013337632
POU2AF1	0.013324945
ANKRD45	0.013303768
FAM163A	0.01328778
ELF5	0.013252193
EFNA2	0.013250743
FGF18	0.0132216
KRT33A	0.013195841
PKP2	0.013132897
CNTN4	0.013126561
ERMN	0.013091438
SLC16A12	0.013078319
TRIM36	0.01303083
KCNJ6	0.01300824
LRRC43	0.012978893
PTCHD4	0.012975883
AVPR2	0.012941919
TMEM178A	0.012900645
FGF11	0.012858106
CD40	0.012814386
EEF1A2	0.012802151
THEM5	0.012740297
FANK1	0.012698599
RYR2	0.012694443
SOX8	0.012657409
BMP7	0.012644925
WSCD1	0.012627776
ARFGEF3	0.012623943
NAA11	0.012613559
ANKRD24	0.012585686
GPR65	0.012539358
IGSF23	0.012484699
NAPSA	0.012440849
PNCK	0.012390531
IFI6	0.012367176
SHC2	0.012356011
FETUB	0.012352954
ST8SIA1	0.012330935
NOXA1	0.012302276
NTN5	0.012272472
SLC52A1	0.012247783
TNFSF14	0.012238411
NHLH2	0.012237305
ARL14EPL	0.01220525
EPHX4	0.012177954
GIPC2	0.012176888
APOBEC3H	0.012144017
MAPK15	0.012116892
ARAP2	0.012087218
MAPK4	0.012050587
PCDHA1	0.012036698
L1CAM	0.012035387
BEX2	0.012031347
ITGAM	0.01202395
GABRA2	0.011925706
UBD	0.011860075
IDO1	0.011857364
C2orf92	0.011828577
SERPINA1	0.011775362
CYP11A1	0.011767758
ADAMTS18	0.011717366
MYOM1	0.011714158
GRHL3	0.011703923
MGAT4A	0.011696476
STRC	0.011666082
APLP1	0.011611701
TREM1	0.011607874
NTSR1	0.011588412
SCN4B	0.01157405
RHPN1	0.011544685
IL1RN	0.011529513
CHRNA9	0.011528257
LYPD5	0.011520335
KCNMB2	0.011510198
RIMKLA	0.011509417
ZIC5	0.011495687
RSAD2	0.011456375
CYP26B1	0.011434454
CCR1	0.011421807
PRB1	0.011402533
MAEL	0.011400951
TRIM6-TRIM34	0.011377784
POLN	0.011358263
QPCT	0.011334624
TMEM151A	0.011328888
TNFSF15	0.011324297
PLEKHH1	0.01124399
NDST3	0.011225501
DOC2B	0.011190485
SNX10	0.011137666
ADCY4	0.011133553
IGFBP5	0.011111712
GIMAP2	0.011089366
SIRPG	0.01108742
DCSTAMP	0.01108625
CCSER1	0.011045013
GALNT17	0.011044031
FRMPD3	0.011024276
ACKR3	0.010997447
MRLN	0.010992267
VEPH1	0.010942934
PTPRZ1	0.010942192
STYK1	0.010924646
SH3GL2	0.010915316
RASGRP3	0.010900162
KLHL4	0.010876538
TSPAN1	0.010862485
CRABP1	0.010831675
LONRF2	0.010819042
CERS4	0.010799887
SLC1A1	0.010798101
HLA-DRB5	0.0107921
B4GALNT3	0.010783591
SYNPO2L	0.010748861
PPP1R14C	0.010748351
TCEAL5	0.010746647
TGFA	0.010721928
PKIB	0.010721288
GCNT2	0.010692045
RYR1	0.010663476
TMEM132B	0.010663409
KRT13	0.010660359
ZNF610	0.01063495
TCAP	0.010589241
FGG	0.010577788
TMEM253	0.010576582
SFRP5	0.010570784
TENM1	0.010568807
IL36RN	0.010548442
CYP46A1	0.010474112
CD72	0.010471474
BICDL2	0.010469147
TMEM178B	0.010453304
FRRS1L	0.010443308
PRAME	0.010441553
RGS11	0.010422547
CCL2	0.010381023
TAGLN3	0.010356373
DKK2	0.01035439
IFI30	0.010343027
CUBN	0.010341144
GPR84	0.010307399
PCSK1N	0.010306962
KLHDC9	0.010256638
INSYN1	0.010256474
PPP1R36	0.010223998
SERPINA9	0.01021764
KLRC3	0.010203387
DNAJC25-GNG10	0.010187461
MYRIP	0.010186548
ICA1	0.010184927
BAIAP3	0.010173227
UNC80	0.010172544
UPK1A	0.01016738
TGM5	0.010153643
BRSK1	0.010149605
MFRP	0.010144333
CLIC5	0.010117663
ATP2B2	0.01011519
CERS1	0.010106423
CNTFR	0.010060591
SLC17A8	0.010056351
PCDH19	0.01005332
CCND2	0.010044041
WDR72	0.009979331
RNF224	0.009977298
TUNAR	0.009966335
CALHM6	0.00996556
NCALD	0.00993804
PCDHA12	0.009849384
NDP	0.009847724
SYCP2L	0.009845415
NUP210	0.009843057
IL32	0.009826131
COLGALT2	0.009816456
PLEKHS1	0.009815972
HRK	0.009811655
DGKI	0.009797955
TRIM74	0.009795639
TSACC	0.009792107
C11orf96	0.009752879
TSGA10	0.009751827
RERG	0.009748232
CTNND2	0.009743843
KLHL6	0.009711743
SUSD3	0.009705526
CLIC2	0.009677975
SLC2A2	0.009668203
SPINK1	0.009660442
IGSF1	0.009650075
ADORA2A	0.009637663
JCAD	0.009614556
STMN2	0.009608406
TNFSF13B	0.00960765
C19orf38	0.009598105
MMP10	0.009584243
ZBBX	0.009570751
NKD2	0.00956835
F11R	0.00956754
TMEM86A	0.009554034
DIO3	0.009544772
TCIM	0.00953239
ZNF559-ZNF177	0.009517293
PLCXD3	0.009512696
SLC24A4	0.009503052
SLC6A12	0.009496088
NTRK2	0.009491029
FBXL16	0.009480009
PLAAT3	0.009466022
TMEM35A	0.009456926
CCND1	0.009450316
ADGRG5	0.009417075
RASGRP2	0.009415096
GRIN2A	0.009410827
ACE	0.009379746
ABLIM2	0.009373127
GABRE	0.009368682
HAS2	0.009365864
DAPK1	0.009360702
COL24A1	0.009347614
TESC	0.009335637
HTR2A	0.009309199
PODXL2	0.009246478
PRCD	0.009234327
KRT79	0.009214184
COL28A1	0.009210399
EXTL1	0.009191971
CGREF1	0.009188636
TPBGL	0.009173723
PRPH	0.009164124
KLHL30	0.009161942
PDGFB	0.009161339
NPNT	0.009159442
CRYM	0.009156868
PRODH	0.009152476
PDZD4	0.009140461
TPRG1	0.009128769
PROM1	0.009120244
SP5	0.009118547
KLK14	0.00910995
NPY1R	0.009101713
SCUBE1	0.009027266
IGFBPL1	0.009018902
CDK18	0.009012895
TP63	0.009009173
KLRG1	0.008990666
ADAM28	0.00897549
FUCA1	0.008928432
RETREG1	0.008918245
ADAMTS19	0.00890534
TNFSF9	0.008904045
ITGAX	0.008900737
BTG2	0.008880797
TNFRSF10C	0.008841375
VIPR1	0.008826373
KRT3	0.008791381
AK4	0.008767448
LTF	0.008751829
CCKAR	0.008747491
MAPK11	0.008714898
SIRT4	0.008701499
KCNH6	0.008678335
CDKN1A	0.008668674
TMPRSS2	0.008665425
CSMD2	0.008662302
TMEM229B	0.008661539
HLA-DRA	0.008622687
MMP13	0.008594212
BTC	0.008594175
PNMA2	0.008556013
SULT1C4	0.008553582
CRTAC1	0.008548239
PNPLA7	0.008541504
SPATA1	0.008537379
SPRN	0.008534833
ARMC3	0.008530572
PDE2A	0.008526322
CYFIP2	0.00852465
DNAJB4	0.008494904
CDH7	0.008485624
IBSP	0.008481602
CRH	0.008466397
ATP10B	0.008443628
PLPP7	0.008440851
SPINT1	0.008437597
AIFM3	0.008437526
MLIP	0.008434634
ABCA8	0.008421455
ELMO1	0.008418083
DCDC2C	0.008411099
UNC13D	0.008394955
DGKB	0.008388754
PSORS1C2	0.008384497
SHC4	0.008378938
RDH16	0.008369772
ENC1	0.008365021
NPPB	0.008341053
KLRC2	0.008333065
MAP7	0.008324612
ERP27	0.00831673
PI3	0.008296415
ITGA11	0.008293563
BIVM-ERCC5	0.008288446
CSF2RB	0.008259824
RIPOR2	0.008257504
NANOS3	0.008254914
MMP9	0.008238252
ZBP1	0.008228618
INHA	0.008220256
GALNT3	0.008209614
BHLHE41	0.008209102
EREG	0.008193863
ATP2B3	0.00818999
ANKRD29	0.008189003
ACTR3C	0.008184322
CLEC18A	0.008181209
MPZL3	0.008172118
PCDH1	0.008171531
EPS8L3	0.0081698
SLC6A19	0.008165435
PCDH17	0.00816393
DUOX2	0.008151763
SCEL	0.008147223
GSDMC	0.008139206
CNIH3	0.008132404
SCN1A	0.008104662
ARMC12	0.008098173
GPT	0.008080393
FAM81B	0.008079315
SLC8A3	0.00807583
TMEM163	0.008045621
NPBWR1	0.008029632
CYP2J2	0.008027546
DPP10	0.00800972
DSC3	0.008005644
GPR146	0.008005429
TNFRSF6B	0.008001773
PIGR	0.008000531
DIO2	0.007982818
CPNE8	0.007974707
PIGZ	0.007962449
MYPN	0.007955948
ADPRH	0.007937696
AHSG	0.007920334
QPRT	0.007918524
ANXA10	0.007916439
SLPI	0.007915161
EIF1AY	0.00789291
SGIP1	0.007887223
SRGN	0.007871799
VTCN1	0.007871388
ARPP21	0.007865817
C4orf48	0.007845924
CDH26	0.007845148
C6	0.007828733
AGXT	0.007814188
SLC37A1	0.007810225
CSPG5	0.007808277
EPHA10	0.007786313
CFAP70	0.007779553
BEAN1	0.00777867
ZSWIM5	0.007777928
CDKN2A	0.00776452
IL11	0.007762998
ENPP5	0.007750713
SPOCK3	0.00774474
MYO5C	0.007733174
EGR2	0.007712239
GJA5	0.007700851
NIPAL1	0.007694074
PALMD	0.007690759
SERPINE1	0.007683563
PPP2R2C	0.007681708
SYT8	0.007675286
TRIM50	0.007673244
TRIM10	0.007649851
ABCA10	0.007648973
SCG2	0.007646739
UTY	0.007633072
GATA4	0.007615078
MDGA2	0.007613805
NES	0.007579355
PNMA3	0.007576079
CALML6	0.007572994
GDF1	0.00756591
ZIC2	0.007550995
DDX25	0.007549283
POMC	0.007549179
CXADR	0.007540843
SNURF	0.007537742
LIX1	0.007535411
CLIC3	0.00752612
FAAH	0.007523222
GABBR2	0.007495753
GPLD1	0.007492335
FBLL1	0.007489058
CES4A	0.007476819
LIF	0.007467789
ENTPD2	0.007463314
IL7R	0.007459446
NRROS	0.007457563
NMRK2	0.007452439
SLC34A2	0.007448813
XCL1	0.007446708
FABP6	0.00744453
RAB7B	0.007431292
GCNA	0.007425601
TREM2	0.00742401
HLA-G	0.007405964
CHMP4C	0.007382234
SLC49A3	0.007377046
TNFRSF10D	0.007368589
ADD2	0.007349916
ASPHD1	0.007344707
MYOZ3	0.007334457
THBD	0.007333433
CTSE	0.0073103
RNF128	0.007303872
HLA-F	0.007299069
TRPV2	0.007295776
KRTAP2-4	0.007283051
LIN7B	0.007268097
NEFM	0.007265397
TACSTD2	0.00724798
CYS1	0.007247504
FOLR1	0.007236499
NTN1	0.007235535
GCOM1	0.00723271
LCN2	0.007209261
GJB1	0.007209174
CCDC180	0.007205303
CPA4	0.007203996
B4GALT6	0.007191042
MGAT3	0.007181962
PHYHIPL	0.007178823
INHBB	0.007177435
APBB1IP	0.007154678
ALDH3B2	0.007148354
GAB3	0.007145914
KIAA1671	0.007136687
TFAP2C	0.007136005
RAB9B	0.007106369
MADCAM1	0.007083778
FRMD3	0.007081445
MMP1	0.007080304
ZBTB32	0.007074055
TMEM217	0.007072294
C19orf81	0.007063144
PIK3R3	0.007058355
NDRG2	0.007055096
SLC25A27	0.007034998
PNPLA1	0.007023779
RASD1	0.007021898
GPR155	0.007008975
MRAP2	0.00699878
LHX6	0.006992222
RALYL	0.006988594
CYP4X1	0.006986182
HAVCR1	0.006985825
TNNT1	0.00697897
NOVA2	0.00695328
SLC34A3	0.006949841
MERTK	0.006948944
PYHIN1	0.006945738
P2RY11	0.006938892
GBX2	0.00693552
RELN	0.006928093
TLR1	0.006916048
ALDH1A2	0.006912547
HAPLN3	0.006911813
PALM	0.006887422
NRCAM	0.006885869
KCNH8	0.006882752
CD82	0.006881794
ANK3	0.006881057
UTS2	0.006876333
SLC35F3	0.006875794
GSG1	0.006864738
MYCN	0.006858934
PAQR9	0.00685573
EFCC1	0.006854829
SLC43A2	0.006851083
LGR5	0.006838776
PLXNB3	0.006838026
PLAAT1	0.006830955
FAM47E	0.006827317
VPREB3	0.006826047
PHOSPHO1	0.006821102
PLA2G7	0.006816089
KIRREL2	0.006798517
NTRK3	0.006793841
CCDC188	0.006791922
CASKIN1	0.006791724
CCDC85A	0.006786726
MACC1	0.006778227
DHX58	0.006775993
ESM1	0.006771162
GRID2	0.006762636
PLEKHG5	0.006761819
FBN3	0.006758441
KIF12	0.006750924
CACNG5	0.006747115
TNFRSF10A	0.006746379
CHAD	0.006725401
RAB6B	0.006719552
POU3F1	0.006719044
LY75-CD302	0.006716041
KIAA0408	0.006712927
DACT3	0.006702088
KLHL14	0.006698658
BAIAP2L2	0.006692009
ADRA2A	0.006689624
C16orf89	0.006689279
LIPG	0.006682369
TMEM150C	0.006671509
DPP6	0.006668512
MCTP1	0.006668019
TMC6	0.006666563
NPAS1	0.006665932
UGT2B7	0.006661538
PRSS23	0.006654324
CYP3A4	0.006639129
LRRN3	0.006612915
PLCXD2	0.006601465
WNT9A	0.006601343
CCL4	0.006596026
IFIT1B	0.006581231
RHBDL1	0.006580881
MLC1	0.00657923
ENDOU	0.006574558
TP53INP1	0.006569428
LINGO3	0.006557063
UGT1A1	0.006543309
UBXN10	0.006542836
C1orf105	0.006532544
TTBK1	0.006522922
STC1	0.006519879
DUSP26	0.006487667
PCDHAC1	0.006476282
GNA15	0.006470345
MGAM	0.006441766
MDFI	0.006441205
SLC31A2	0.006435203
LAMA3	0.006426431
ACKR1	0.006422612
ERC2	0.006420513
MAGEL2	0.006406164
SLC5A10	0.006404013
VSTM2L	0.006396273
CD14	0.006392115
PRSS22	0.006384747
CST1	0.006352619
HRNR	0.006352188
ONECUT1	0.006350133
SMIM5	0.006330274
ARHGEF37	0.006326411
SHD	0.006321481
SAMD14	0.006286075
CNGB1	0.006274054
DACH2	0.006267541
KRT33B	0.006265728
RP1	0.006260283
TAF11L11	0.006257535
MEGF11	0.006254988
SLC22A1	0.006245755
TBX1	0.006231432
ASPN	0.006229485
PCSK5	0.006220003
CCDC88C	0.006218715
MAFB	0.006211407
ODAPH	0.006210309
FAM83H	0.006207418
CFAP46	0.006205452
KRTAP2-1	0.006201553
PAK6	0.006193753
NPY	0.006177882
TC2N	0.006173196
MAP3K7CL	0.006156485
PIK3IP1	0.006151838
TKTL1	0.006151498
SP140	0.006149628
HLA-DOA	0.006146824
SLC22A4	0.006146424
TMEM74B	0.006146357
PDE10A	0.006144456
CCK	0.006127823
ELF3	0.006119419
PAPPA	0.006119278
CHD5	0.006114723
IGSF22	0.006110236
NHLRC4	0.006105956
ICOSLG	0.00609098
RRM2B	0.006086552
TMEM255B	0.006085694
NKAIN4	0.006079883
TMEM38A	0.006077075
CFH	0.006072325
CDKN2B	0.00606974
MFAP5	0.006060738
CPLX1	0.006060353
TAS2R30	0.006058502
GPER1	0.006054626
ARL14	0.006051571
ASB9	0.006045346
B3GALT1	0.006045307
TRIM22	0.006034121
SEZ6L2	0.006032833
IL10	0.006031143
CILP2	0.006022404
TDGF1	0.006007927
SMPX	0.006007013
ADARB2	0.006003054
TNFSF4	0.00600034
RASL10B	0.005990666
SMLR1	0.005986145
CAPN13	0.005985449
DUSP23	0.005978663
ZNF385C	0.005973614
RBKS	0.005967835
NXF3	0.005962451
IGFBP7	0.00595471
PSAP	0.0059459
GMFG	0.005944782
CHRNE	0.005940334
LRATD1	0.005936083
HGD	0.005932686
CFHR1	0.005925407
RHBDF2	0.005916778
DMTN	0.005911523
PPP1R9A	0.005910031
LINGO2	0.005897916
FAM43A	0.005896453
HRC	0.005895465
HHLA2	0.005895093
CCDC191	0.005876584
HTR2C	0.005875744
OVCH2	0.00587004
LRMDA	0.005855388
OSTM1	0.005849427
XKR7	0.00584228
RAB26	0.005832817
CHD7	0.005822628
SYS1-DBNDD2	0.005816797
AADAC	0.00579106
FILIP1L	0.005787435
TBX15	0.005780882
IRX5	0.005779737
CST7	0.00577918
EGR3	0.005762726
DYNLT3	0.005744398
CSF1R	0.005740669
NAT16	0.005740434
IGFBP3	0.005739803
CABCOCO1	0.005738964
ANKS1B	0.005733709
GBP5	0.005732678
ZNF582	0.005729134
AIM2	0.005728863
CTNNA2	0.005722294
DUSP6	0.005720665
PGPEP1	0.00571995
S100A5	0.005714722
CHRD	0.005700209
HBEGF	0.005691325
LYNX1	0.005690712
GPRC5D	0.005690417
SLAMF8	0.005690067
LAMA4	0.005689619
HDAC9	0.00568516
GPR68	0.005680356
PCDHA4	0.005670971
CCNO	0.005667737
KAAG1	0.005665194
SYNPO2	0.005665147
TSPYL2	0.005651527
ZFP2	0.005641531
SLAMF7	0.005639759
DHRS12	0.005636361
MEI1	0.005634178
LONRF3	0.005619201
GUCY1A2	0.00561108
OPRL1	0.005605807
ATF7IP2	0.005605568
ESYT3	0.005603976
FNDC5	0.005602245
DTNA	0.005596859
MYH15	0.005595676
NFKBIZ	0.005593189
TIMP3	0.0055927
OSCAR	0.005585866
TSPAN11	0.005576381
CYP2C9	0.005569917
P4HA2	0.005563042
CAMK2N2	0.00556257
IL12A	0.005562434
RHCG	0.00556061
CLDN14	0.00555815
WNT10A	0.005558012
ADAMTS13	0.005552367
TFCP2L1	0.005542711
SEMA3C	0.00554212
PRKN	0.005537726
ACSBG1	0.005535476
ST14	0.005531515
C4BPB	0.005525634
DPP4	0.00551787
ATOH8	0.005512027
CADM1	0.005508973
CDH12	0.005508654
AQP3	0.005502817
NABP1	0.005487527
NR2E1	0.005487376
HRH3	0.005483547
SERTM1	0.005469561
DCAF12L1	0.005458694
ESPN	0.005454711
LYPD6B	0.005453379
ZBTB16	0.005445209
RGS18	0.005439711
VSIG1	0.00543767
MSMB	0.005434358
FSCN2	0.005431783
IER3	0.005428012
NPHP3-ACAD11	0.005425708
COBL	0.005423475
CRYBG2	0.005416778
GABRB2	0.005412387
LMNTD1	0.005399372
SOX3	0.005398426
MDGA1	0.005397427
FGL2	0.005396739
ALKAL1	0.005388758
DCAF12L2	0.005388518
LRCH2	0.005387234
COL4A6	0.005384887
SAA2-SAA4	0.005380383
IFI27L2	0.005378877
SAMD10	0.005363984
RAB3C	0.005358818
CHST1	0.005357847
TTR	0.00535452
HSF4	0.005348916
YPEL2	0.005347498
RNF180	0.005343184
MICOS10-NBL1	0.005339054
P3H2	0.005326998
SERPINA5	0.005321861
PGM2L1	0.005318112
ZMAT3	0.005314892
FOXO1	0.00530603
INPP5D	0.005305559
CTSO	0.005298504
HBQ1	0.005293869
FBXO6	0.00528649
RNF144B	0.005285796
ZNF880	0.005283952
NPTXR	0.005278621
CA11	0.00527479
TMEM63B	0.005273693
AFAP1L2	0.005265578
MPZL2	0.005255391
LRRC32	0.005254324
CENPVL3	0.005250785
SCD5	0.005241773
GNAZ	0.005237235
PTPN3	0.005225248
TRIM67	0.005223434
BRSK2	0.00521508
IGIP	0.005202039
EPN3	0.005201105
HLA-E	0.005195326
KRT19	0.005187203
BATF	0.00517604
COL17A1	0.005170062
IFIT2	0.005166899
IL4I1	0.005164932
FLG	0.005162046
HSD17B3	0.00515754
SLAIN1	0.005156543
RNF157	0.005156427
ADORA1	0.005155245
AMPD3	0.005145881
CYB5R2	0.005145676
TSPAN12	0.005137556
PLXNA4	0.00512763
LGALS12	0.005121002
CATSPERB	0.005104117
TAF13	0.005103148
ZDHHC22	0.005102473
CRACR2B	0.005088349
SLC15A2	0.005087757
PPP1R16B	0.005084174
NME9	0.005082861
SNRPN	0.00508112
ENPP3	0.005080257
NCMAP	0.005078465
KRTAP2-2	0.005070697
TSPAN13	0.005065609
DLL4	0.005062089
STON2	0.00505604
MID2	0.005055961
NKAIN3	0.005050253
ZNF626	0.005047037
PBXIP1	0.005044534
GADD45A	0.005043389
IQCJ	0.005037613
DNAI1	0.00503522
LIN28B	0.005028897
ANKRD22	0.005023488
FYB2	0.005023433
SGK2	0.005022612
TNFAIP3	0.004999822
CLVS2	0.004996512
ASTN2	0.004996025
SORBS1	0.004989418
ADHFE1	0.00498781
SORCS1	0.004985082
COL23A1	0.004984074
ZDHHC15	0.004969652
CCPG1	0.004967976
LRP2	0.00496637
ABCA7	0.004964811
SRSF12	0.004961575
GFPT2	0.004961013
WFIKKN2	0.004958598
FUT9	0.004957072
SPARC	0.004941411
GTSF1	0.004941274
JPH1	0.004936266
ZNF682	0.004930545
DPF3	0.004922972
MAP1LC3A	0.004917549
CRIP2	0.004915257
AIF1L	0.004913472
DNAJB9	0.004912975
RHBG	0.00490401
GPRIN3	0.004899834
ABCA6	0.004898893
CRX	0.004893631
CCDC9B	0.004887457
ZNF83	0.004880321
TNFRSF11B	0.004879335
ANGPTL7	0.004875229
GABRG3	0.004866151
DNASE1L1	0.004864811
ARMCX3	0.004855543
RASGEF1C	0.004847294
TNFRSF1B	0.004846218
GPR158	0.004842666
POU4F1	0.004841826
FBN1	0.004835601
SYNGR1	0.004834305
CPN1	0.00482692
ASDURF	0.004825902
A1CF	0.004823431
GPM6A	0.004818262
ANXA13	0.004804271
BTBD16	0.004792399
LSMEM1	0.004779193
GADD45G	0.004777622
UGT2B4	0.004777429
SAXO2	0.004777366
MYL9	0.004758212
KLHL35	0.004757316
RAB19	0.004752067
LCA5L	0.004747937
TMEM30A	0.004747903
GUCA1A	0.004747794
KDM5D	0.004739798
SUSD5	0.004734687
ZC3H12D	0.004731833
TRIM73	0.004729938
ASPDH	0.004729806
EPHA6	0.004721194
SORBS2	0.004715133
BMPER	0.004714969
FAM124A	0.004714439
S100A7	0.004704454
NRG3	0.004700756
DAZL	0.004700061
LCE3A	0.004698657
C1QTNF1	0.004688879
ZIC4	0.004671797
FAM13C	0.004659814
FAM131B	0.004652892
UGT2B15	0.004652414
XKR6	0.004650409
SELENOW	0.004649215
EFNA1	0.004647925
CP	0.004639222
ADRB2	0.004636993
GIMAP7	0.004636623
CASTOR1	0.004629688
TLE6	0.004625958
RNF32	0.004621351
MCF2L2	0.004620366
TSPAN15	0.004618433
LRRC4B	0.004611739
SCNN1A	0.0046108
TIGAR	0.004607926
SUGCT	0.00460726
OVGP1	0.004605484
GNAT2	0.00460485
ENDOD1	0.004603049
MAL	0.004596562
UPK1B	0.004591385
FREM2	0.0045908
LRRC24	0.004586722
NPDC1	0.004583793
RELB	0.004582226
SERPINE3	0.004581268
DRD2	0.004580674
SHH	0.004574787
LCP1	0.004571916
SLC9A7	0.004570424
TGM2	0.004559796
CHL1	0.004556709
RIMS2	0.004554265
TAS2R43	0.004548539
DAB2	0.004547441
SLC10A4	0.004542819
CTSZ	0.004539977
SLC2A6	0.004536266
ZEB2	0.00453291
RNF223	0.00452822
YJEFN3	0.004521316
IKZF2	0.004517344
SPOCD1	0.00451133
LEP	0.004510087
KLHDC1	0.00450812
KCNJ12	0.004508119
ADGRL3	0.004498898
IL20RB	0.004488673
ZBTB8B	0.004478511
FLT1	0.004475914
ITGA2	0.004475728
TRH	0.004475068
CXCL13	0.004473294
CCDC160	0.004470289
TTC22	0.004468246
DYDC2	0.004466471
CPQ	0.004464977
CYBA	0.00446249
BCL2L2-PABPN1	0.004462233
PTPRE	0.004457934
ATP6AP2	0.004452494
PTGES3L	0.004448915
USP9Y	0.0044458
PMEPA1	0.004438898
ABAT	0.004433719
CLU	0.004422084
TMEM221	0.004418751
EPHX2	0.0044154
ATXN3L	0.004411717
ITIH4	0.004410064
HSD17B14	0.004401358
FDXR	0.004388821
CD4	0.004388625
UNC5CL	0.004384671
PPP1R1B	0.004375256
ARHGEF5	0.00437519
PMAIP1	0.004365337
LRRC56	0.004364844
BTBD19	0.00436119
ASS1	0.004359963
AGMO	0.004356719
HSPA6	0.004352279
GOLGA8A	0.004351951
CNTN5	0.004350941
SYNGR2	0.004341533
CRYAB	0.004338793
ARPC4-TTLL3	0.004334675
CCDC181	0.004329879
TERB2	0.004325617
PPP1R1A	0.004321669
SLC26A11	0.004320411
SPRED3	0.004317945
LRRC55	0.004308596
MCOLN2	0.00430856
LY96	0.004298068
ZNF540	0.004294853
CLDND2	0.004289131
CADM4	0.004285558
MXD4	0.004284064
PCDHGA4	0.004283367
CDH17	0.004282122
SAA4	0.004277764
LAT	0.004276335
NOMO2	0.004275575
RDH12	0.004274196
SLC17A5	0.004269898
CLDN9	0.00426066
CD33	0.004257827
BDNF	0.004253838
GUCY2C	0.004253801
EPB41L3	0.004252462
ASRGL1	0.004250511
PREX1	0.004249589
C11orf65	0.004248852
TNFRSF12A	0.004247997
ZNF493	0.004245338
NBPF4	0.004241637
SORCS2	0.004239709
LRRC31	0.004238538
CPXM1	0.004236891
ADGRA1	0.004236781
TMSB4X	0.00423432
SELENOM	0.004224197
P4HB	0.004222587
PCDHB14	0.004214964
BBOX1	0.004213581
CYB5R1	0.004208606
PLOD1	0.004207867
FAM43B	0.004207001
FZD9	0.00419995
PLK3	0.004198986
ZNF600	0.004194781
MGARP	0.004192668
CHPF	0.004190397
MAP1LC3B	0.004188417
GSAP	0.004188005
DEFB4A	0.004183558
SCN2A	0.004179166
DHRS7	0.004173921
ADGRG1	0.00416719
IGDCC3	0.004154797
NANOS1	0.004138078
ITM2B	0.004137984
HHIPL1	0.004135023
NTNG2	0.004133357
ACTRT3	0.004129941
CAMKV	0.00412921
ERLEC1	0.004125534
ZNF391	0.004124325
USP18	0.004120543
CDH20	0.004117791
ACAD11	0.004117202
ADAM11	0.004115683
PIP5KL1	0.004115311
CDNF	0.004110675
PALD1	0.004108644
SDSL	0.004102399
NELL2	0.004102212
TM6SF2	0.004101528
PCDHB9	0.004099544
CFAP299	0.004099359
DBNDD1	0.004099353
TNFSF11	0.004084232
CSMD1	0.004083219
SRARP	0.004079736
AMY2B	0.004078575
HLA-C	0.004077946
EME2	0.004071563
NOMO3	0.004062428
CDC42BPG	0.004057647
FLRT3	0.004056952
PSORS1C1	0.004056023
SYT7	0.004054794
AZU1	0.004050471
PROCR	0.004049674
HLA-DPB1	0.004047566
IGSF3	0.004046047
VAMP8	0.004045806
RASSF7	0.004030569
C6orf15	0.004028144
ALDH5A1	0.004028112
HSPB8	0.004024341
ZACN	0.004023811
DNAJC28	0.004020826
PLA2R1	0.004019767
RFTN2	0.004018558
MYL5	0.00401775
RAB27B	0.004017051
GALNT5	0.004016285
MCOLN1	0.004007415
ANKK1	0.004007186
GRIK3	0.003998247
ATP6V0A1	0.003997655
GLDN	0.003997464
ACE2	0.003997281
ENTPD8	0.003988014
TAFA4	0.003985847
ASIC3	0.003984394
DSCAM	0.003982424
CRELD1	0.00398233
ITGB1	0.003975648
SRPX2	0.003970496
SUMO4	0.003969269
PGC	0.003957489
NFATC4	0.003950356
C1orf162	0.003949875
SMPD1	0.003948028
GPR156	0.003947012
ZSCAN1	0.003943846
TFF3	0.0039418
USP53	0.00393637
ZSCAN18	0.003934733
CHPF2	0.00393167
COL19A1	0.003927621
CYB5D2	0.00392678
COL13A1	0.003922883
KIF21A	0.003917488
COLQ	0.003917286
ZNF432	0.003916706
ATP6V1G1	0.003913414
ATP8A2	0.003912464
NOMO1	0.003905455
NMNAT2	0.003904782
IGF2R	0.003904471
BTNL9	0.003904227
TMEM182	0.003903764
SESN1	0.003903279
CEP295NL	0.003903201
KRTAP2-3	0.003900655
LRRC15	0.003900437
SLC35D3	0.003895069
TOGARAM2	0.00389295
RAB39A	0.003892585
ZNF433	0.003891077
FGD4	0.003889611
VAX2	0.003889378
CCDC81	0.003883943
GRN	0.003876485
TNFRSF10B	0.003874721
WIPI1	0.003872302
GREM1	0.003871011
INO80B	0.003868712
TMEM150A	0.003867605
YPEL5	0.003865769
FAM174A	0.003864786
RGS14	0.00386148
PIK3CG	0.003852792
BFSP1	0.003852226
FOXJ1	0.003850413
SYTL2	0.003849111
C2CD4C	0.003846117
ZNF28	0.003845238
STX1A	0.00384498
HECW2	0.003841393
RNASE7	0.003831289
MRGPRX4	0.003826906
PLCL1	0.00382497
GPAT2	0.003824922
MAP7D2	0.00382125
GALNT13	0.003820091
LYPD1	0.003819643
SERINC1	0.003816747
SLC23A3	0.003812417
FIBCD1	0.003810829
APOL3	0.003796484
MBL2	0.003795614
CYP2E1	0.003789251
PRMT8	0.003787215
XG	0.003779222
KLRD1	0.003777476
APOL1	0.00376991
TMED3	0.003763728
BMP8B	0.003760004
PLA2G15	0.003757564
MOAP1	0.003755082
B3GAT3	0.003754645
BBC3	0.003752806
ERRFI1	0.00375157
COX14	0.003749812
IRAK2	0.003749786
GALNTL6	0.003748638
ALPP	0.003748255
SMPD3	0.003734723
NDUFB7	0.003733632
STAT1	0.003733309
CHST7	0.003730131
ENG	0.003728862
ADAMTS2	0.003728403
EDEM3	0.003727931
CYSRT1	0.003726219
SAMD4A	0.003725684
MFSD3	0.003721074
RAI14	0.003720043
ARHGEF35	0.003719852
C18orf32	0.003719088
ADAMTS10	0.003716884
ELOVL7	0.003713429
FAM110C	0.00370849
NME3	0.003706284
CD59	0.003702959
GBP1	0.003697672
CSAD	0.00369339
TMED7	0.003692121
WDR83	0.003687291
CBLN3	0.003680672
YPEL3	0.003680452
ZNF428	0.003679084
AKAP6	0.003678994
SAMD9L	0.003678318
ZNF404	0.00367652
NCKAP5	0.003676161
STK17A	0.003671926
IFFO1	0.003670361
ZNF793	0.003669614
SMIM3	0.003667801
AP1S1	0.003667693
NPHS1	0.003666962
SYT6	0.003665195
SSX1	0.003659068
ATP2A3	0.003656165
ORMDL3	0.003655452
GOLGA8B	0.003654161
DRAM1	0.003653695
MAN2B2	0.003651699
IDUA	0.003643892
PRKCZ	0.003643857
TUBB4A	0.003641531
KLRC4-KLRK1	0.003637624
CHAC1	0.003637541
SPTSSB	0.003635782
LTBP1	0.003634082
PAM	0.003632645
RORA	0.003628627
ATG4A	0.003628544
LMF1	0.003625232
SGCD	0.003624633
SERPINB10	0.003621846
CYP2B6	0.003620304
HTATIP2	0.003617948
CLDN5	0.003615077
COQ10B	0.003612904
LLGL2	0.003609784
APOL2	0.003608517
TCEAL6	0.003606512
SNAP23	0.003604921
RHOC	0.00360308
PLK2	0.003602089
COL4A5	0.003600269
BSPRY	0.003600176
MICA	0.003599878
CADM3	0.00359911
SP100	0.003596981
PLXNA3	0.003594649
GBP3	0.003591525
POFUT2	0.003590683
SFTPA2	0.003590431
MMP15	0.003589612
SLC16A10	0.003584024
NFASC	0.003582449
CYP27B1	0.003581353
WSB1	0.003579383
MSI1	0.0035784
DENND1C	0.003572474
UACA	0.003568863
SLC24A3	0.003568307
MXD1	0.003567038
ACER2	0.003558459
OCIAD2	0.003558097
RUBCNL	0.00355451
F5	0.003553575
B4GAT1	0.003553018
POF1B	0.003550492
KRT80	0.003550458
DCDC1	0.003547246
GCNT4	0.003544709
OGDHL	0.003540316
FADS3	0.003530052
PON2	0.003528784
EXD3	0.003527663
HSD17B8	0.003526179
ZNF226	0.003525074
FABP7	0.003523687
EPS8L2	0.00352123
NDUFAF8	0.003518504
PDZD7	0.003516798
CCDC30	0.003516368
SUCO	0.003515372
MFSD1	0.003515028
COL9A1	0.003513407
ATP6AP1	0.00350848
ATP6V1F	0.003508349
SIAE	0.003508161
KCNC1	0.003503416
ZNF320	0.003502722
NT5E	0.00350066
GARNL3	0.003491968
RNF225	0.003489481
TANC1	0.003486591
BLOC1S2	0.003483167
TMC1	0.003480848
RABAC1	0.003470088
WIF1	0.003469628
CALCOCO1	0.003467922
INHBA	0.003467564
DNAJC3	0.003465867
SMURF2	0.003464597
POPDC2	0.003464392
ASXL3	0.003463126
GNPTG	0.003462989
NDST4	0.003462609
CRPPA	0.003462293
PLAUR	0.003459564
NLRP4	0.00345861
ANK1	0.00345815
KPTN	0.003458146
PRNP	0.00345692
ADAMTS4	0.003452394
TMEM238	0.003448387
MYMK	0.003445876
CXCL16	0.003445257
AFMID	0.003440194
FKBP14	0.003439746
KCNA2	0.003438358
SNX32	0.003436124
BEX4	0.003433444
F2RL2	0.00343111
LPAR6	0.003430947
ZIC3	0.003429987
C12orf76	0.003429705
COL8A1	0.003424944
ABCA1	0.003421304
AQP9	0.003421076
ODAM	0.003420863
ULBP2	0.003417159
ADAM19	0.003415419
TMEM132A	0.003415341
WFDC2	0.003415105
INAFM2	0.003412809
MYO15B	0.003409134
NFE2L1	0.00340882
BLNK	0.003406624
TNFRSF18	0.003406415
ZNF91	0.003405735
OPTN	0.003401756
ZNF563	0.003399455
GSN	0.003398421
ARSA	0.003397299
MXI1	0.003394947
GMIP	0.003393826
CLCN3	0.003393321
BCL2L1	0.0033926
EGF	0.003391406
JOSD2	0.003390692
DAAM2	0.003388912
LYRM9	0.003387515
SLC20A1	0.003387167
NR1H4	0.003382509
TMEM200C	0.003381394
NPPC	0.003381096
GCSAM	0.003379959
ZDHHC24	0.003378837
SERPINA6	0.003378606
FNDC3B	0.003377654
TMEM45A	0.003375742
ATP13A2	0.003375125
SCGN	0.003374908
SLC41A2	0.003370321
IFT20	0.00336852
TTC14	0.003367956
FAM220A	0.003365874
HHAT	0.00336587
ARVCF	0.003359997
ACADVL	0.003358503
GPRC5A	0.003358105
GPSM3	0.003353116
ADAMTS12	0.003352451
TEK	0.003351916
TRIM46	0.003348375
PDE4B	0.003346106
MIB2	0.003339387
PSD	0.003338741
CHIC2	0.003338579
ATF3	0.003335883
TUBB2A	0.00333092
PKHD1	0.003325923
SPNS1	0.003320703
ITGA10	0.003317443
PGLYRP2	0.003317079
FCHSD1	0.003315471
MXRA7	0.003313885
PLA2G2A	0.003310365
STXBP5L	0.003308801
SCAMP1	0.00330417
NPB	0.003302424
RNF215	0.003300144
CACNA1I	0.003299242
NIPAL3	0.003296541
RHBDD3	0.003293936
MORN3	0.003293064
TCHH	0.003291208
FLACC1	0.003282726
TSPAN9	0.003282154
TCEAL9	0.003281526
FAM210B	0.003279197
ZCCHC18	0.003278877
KNDC1	0.003277434
SYT16	0.003274298
PRKCH	0.003273087
PROS1	0.003273068
ROGDI	0.00327163
MAN2A1	0.003270074
TCAF2	0.003268327
ARSG	0.003266056
TVP23B	0.003259895
TOX3	0.00325936
KLHDC8A	0.003259149
LGMN	0.003258615
GCC2	0.003257779
PCDHB15	0.003254562
LRPAP1	0.00325353
DUOXA2	0.003253141
SPATA18	0.003249643
AGRN	0.003249198
COL5A2	0.00324775
SLC35G2	0.003246921
CYLD	0.003242875
EPHA1	0.003239015
WDR26	0.00323715
CHMP5	0.003236315
LPAR5	0.003235151
FAM228B	0.003234725
ZNF280A	0.003231391
BRK1	0.00322745
FICD	0.003226516
OR51B5	0.003225795
AK3	0.003225414
NBPF6	0.003222555
UCHL3	0.003219805
MAN2B1	0.003219664
PERP	0.00321579
UFM1	0.003215018
FTCDNL1	0.003214929
POLD4	0.00321299
HORMAD1	0.003210142
INKA2	0.003208772
KLHL3	0.003198428
SLC25A4	0.003198043
ZNF470	0.003197681
CPVL	0.003196824
AZGP1	0.003193698
GABARAPL1	0.003189398
ZNFX1	0.00318877
SARAF	0.003187471
MYEF2	0.003183894
HBA2	0.003183532
TFPI	0.003182898
ZBTB47	0.003182435
ISCU	0.003178078
TMEM263	0.003176806
TMEM187	0.003176158
FIBIN	0.003174699
ANO5	0.003172948
TMEM169	0.003167061
RIDA	0.00316617
TPM1	0.00316431
PCBP4	0.003164303
A1BG	0.003158839
ADAMTS6	0.003158293
SLC1A7	0.003157853
BLCAP	0.003155394
ALOX15B	0.003151541
TMEM158	0.003151519
RETSAT	0.003150402
NUDT22	0.003149396
CCDC113	0.003149106
TAOK2	0.00314618
NLGN3	0.003143526
UBTD1	0.003143026
NDUFA1	0.003142484
CDH13	0.003139348
PLAU	0.00313861
LZTS3	0.003137884
ZFHX2	0.003137109
AKIRIN1	0.003135533
CCS	0.003134563
PF4V1	0.003134033
POLR3GL	0.003133438
UQCR11	0.003132647
SH3D21	0.003130277
CTHRC1	0.003129138
PLA2G4A	0.003128739
ZNF593	0.003125178
DDRGK1	0.003123938
MCFD2	0.003122782
SEC62	0.00312273
CNTNAP2	0.003112346
RNF11	0.003111622
ZFR2	0.003110516
RALGDS	0.003107881
ZNF491	0.003102118
UBE2L5	0.003101617
RAB3A	0.003098105
HEXB	0.003095747
RHCE	0.003092974
MAN1B1	0.003089056
KCNQ3	0.003085099
ATP5IF1	0.003084233
GNS	0.003082638
CPEB4	0.003080802
ANKRD42	0.003080396
CREB5	0.00307567
ZDHHC21	0.00307477
PCYOX1L	0.003074687
SQSTM1	0.003069555
HLA-DQB1	0.00306898
SHISA4	0.003067383
ORMDL1	0.003064623
PRRG1	0.003063253
TUSC2	0.003062414
MIF	0.003061024
SPTSSA	0.003060303
KIAA0319L	0.003055881
ZNF843	0.003054859
CD151	0.00305006
MMP24OS	0.00304637
SLFN5	0.003045782
CNPY2	0.00304302
RRAS	0.003042723
FSIP1	0.0030417
ADAMTS1	0.00304151
ARRB1	0.003040801
IPPK	0.003040338
FBXO44	0.003038149
HSD11B1L	0.003037998
SDF4	0.00303144
CAVIN4	0.003029004
HINT3	0.003028298
SLC12A7	0.003027705
BCAP31	0.003027628
FRMD8	0.003027476
DSC2	0.003026491
SEMA6A	0.003024508
COL15A1	0.003023842
MCL1	0.003022106
ADAMTS17	0.003018419
MAP1A	0.003018078
RNF152	0.003016551
PRSS16	0.003013977
ANKRD46	0.003013197
PCDHGB2	0.003011501
IFIT3	0.003009811
ATP6V0E1	0.003009394
CENPT	0.003009133
UBB	0.00300082
JUNB	0.003000675
PEX16	0.002998071
DHDH	0.002996368
YPEL4	0.002995939
ZFYVE27	0.002991681
PCMTD1	0.002988123
IRX3	0.00298706
DECR2	0.002987012
DUSP3	0.002986912
SLC35B3	0.002986189
FN3K	0.00298365
TICAM1	0.002983499
NPL	0.002982436
ZGLP1	0.002978133
SORT1	0.002976325
TSPAN33	0.002973513
ZNF816	0.002973425
CCDC154	0.002973348
FBXL2	0.002972314
SYT17	0.002971134
ANKS4B	0.002969833
CCDC24	0.002969297
NEU1	0.002966925
SH3RF2	0.002966276
KLHL38	0.002965983
SLC15A1	0.002965908
SLC16A5	0.002965741
ZDHHC14	0.002957003
SCN1B	0.002953882
UBL5	0.002952866
ARHGAP36	0.002952244
EFCAB12	0.002950906
KCNJ2	0.002950681
NCAN	0.002948871
RIT1	0.002948724
LAMP1	0.002948055
GRAMD1C	0.002942834
TMED9	0.002942813
OAZ3	0.002940908
TIPARP	0.002939305
SUMF1	0.002939133
ODF2L	0.002937072
BGN	0.002936369
TMEM181	0.00293556
GOLGB1	0.002933794
IQSEC3	0.002930064
AP5Z1	0.002929855
PPP2R5B	0.002929241
DCUN1D3	0.00292774
CHST15	0.002927422
PHLDA2	0.002926674
KRT34	0.002922031
TPPP3	0.002921627
CDH1	0.002921508
STUB1	0.00292133
HCLS1	0.002919946
CACNB4	0.002919598
GPNMB	0.002918809
ADRA1D	0.002918113
TMEM134	0.002911288
CDC37	0.002909809
RBFOX3	0.002908545
MOV10L1	0.002908446
FCGRT	0.00290824
LAMC1	0.002906945
LYSMD2	0.002906333
P4HA1	0.002906064
SLC39A13	0.002902955
SVIL	0.002902717
CDK5	0.002902327
FAM177A1	0.002899921
SIGLEC15	0.002899531
ATP6V0B	0.002899045
STKLD1	0.00289598
DDX3Y	0.002892423
PARP12	0.002890053
SPAG4	0.002890025
TTC3	0.002889687
RAB40B	0.002888296
ADGRL4	0.002887751
QSOX1	0.002886677
WFDC10B	0.002882345
TERF2IP	0.002881209
CHRNA6	0.00287902
RGS1	0.002877311
PLBD2	0.002877046
TOR1B	0.002875247
TRIB2	0.002872859
LOXL2	0.00287148
VMP1	0.002870715
ZIK1	0.002869464
ITGAV	0.002869027
KIAA1755	0.002868491
MOGS	0.002868107
ZNF117	0.002867506
RIMS1	0.002866756
TPRG1L	0.002864863
CTSA	0.002863295
PIEZO1	0.002858865
NIPAL2	0.002858687
RCN1	0.002857388
SCAMP5	0.00285397
ZNF550	0.002853495
TRAPPC6A	0.002853254
TCTA	0.002853236
DYNC1LI2	0.002853201
GLRA3	0.00285288
ZBTB7B	0.00285057
NEDD9	0.002850523
SNTB1	0.002847961
MCRIP1	0.002846466
STX3	0.002846048
PPM1K	0.002842788
ITFG1	0.002842706
WIPF3	0.002841224
SIL1	0.00283838
KALRN	0.002838364
RGCC	0.00283705
SH3BP5L	0.002835892
ZNF665	0.002831461
HLA-B	0.002830015
EMC7	0.002827712
FYN	0.002820705
SEC22B	0.002819729
MZT2B	0.002818013
PTGFRN	0.002817874
SERTAD1	0.002816277
ATP6V1E1	0.002815361
ETFRF1	0.002811691
TDO2	0.002811107
FHIT	0.002809615
ALKBH6	0.002809567
PHLDA3	0.002809146
GABARAP	0.00280681
BLZF1	0.002806001
APLP2	0.002805491
CPPED1	0.002805462
ACYP2	0.00280499
PNP	0.002801678
ZNF429	0.002800876
TM2D1	0.002800872
SLC30A1	0.002798277
RNF43	0.002797442
ARRDC4	0.002796764
NADSYN1	0.002795471
SEC11C	0.002795344
LHFPL6	0.002794095
GASK1B	0.002793943
CAPN12	0.002793784
PANO1	0.002793565
UXS1	0.00279189
FGFRL1	0.002791261
SLC2A11	0.002788151
TBX2	0.002788003
GABARAPL2	0.002781096
EDN1	0.002776713
IP6K3	0.002776395
CREBRF	0.002776149
ABCA2	0.00277551
SLC39A11	0.002775095
ANKRD34A	0.002774542
LAIR2	0.002774414
SLC52A2	0.002768259
NOL4	0.002767046
CYP19A1	0.002766727
ACCS	0.002764737
FMO2	0.002763482
FAM8A1	0.00276297
AIRE	0.002761313
CYSTM1	0.002760609
SHC1	0.002755999
SUSD1	0.002755104
APMAP	0.002754992
BNIP3	0.002752561
CTSD	0.00275174
WBP1	0.002749825
KDELR3	0.002747864
REEP2	0.002743654
CYB561D2	0.00274342
C5orf15	0.002742775
CLCN7	0.00274272
ATF5	0.002741624
SHC3	0.002741604
MAFK	0.002741046
ESPNL	0.002736506
TUBB2B	0.002735846
RBM14-RBM4	0.002730908
ATP6V1A	0.002730051
TXNIP	0.002728282
CMPK1	0.002726116
MANBA	0.002725709
ARHGAP22	0.0027253
ZNF347	0.002724672
ZC3H11A	0.002724326
BANK1	0.00272254
CDK6	0.002721859
PRR5L	0.002721529
TMEM259	0.00272131
GRIA3	0.002719369
EPB41L4B	0.002718359
RHBDL2	0.002717974
RASSF6	0.00271433
NKX6-1	0.002713418
ZNF284	0.002711983
LRRC3	0.002711978
SLC39A7	0.002711504
ADAMTS9	0.002710033
MYO6	0.002707519
FOLR3	0.002706653
ANXA1	0.002705461
ITPRIPL2	0.002702384
SLC2A10	0.00270171
PPIL6	0.002695983
DAD1	0.002695945
C12orf60	0.00269474
ITGA3	0.002692787
ZNF160	0.002692368
CFAP44	0.002692122
GJB3	0.00269165
ZGPAT	0.00269119
KRT6C	0.002687683
ZNF224	0.002687528
SUSD6	0.002686459
KCNJ11	0.002682823
SP110	0.002682811
GLIPR1	0.002680716
DNAJC5	0.002680437
GFRA1	0.002680088
EPHA2	0.002678009
TBKBP1	0.00267734
USP20	0.002677312
CSMD3	0.002676821
BID	0.002674685
MAFF	0.00267388
NMNAT3	0.002672982
NRBP2	0.002671373
TMEM167A	0.002671195
MPC2	0.002664018
PDE1C	0.002662999
HHEX	0.0026604
SAMD9	0.002659358
HELZ2	0.00265864
CLK1	0.002658523
CCNE1	0.002656162
ZNF605	0.002656105
AHR	0.002656062
GAA	0.002655288
DKK3	0.002654148
TRIM9	0.002652941
ADCY6	0.002649396
HYI	0.00264704
TVP23C	0.002646024
GPR27	0.002643848
PHLDA1	0.002640277
YIF1A	0.002638107
SLC25A20	0.002637373
ERICH2	0.002637371
TMCC3	0.002636109
ACAA1	0.002635927
TMEM25	0.002634156
BCAP29	0.002631155
SCAND1	0.002630184
FGF1	0.002629324
RNASET2	0.002628368
CCDC140	0.002624169
PPBP	0.002622346
QPCTL	0.002621284
ZNF10	0.002621284
JMY	0.00261998
NECAB3	0.002618113
POLR2B	0.002617921
CCDC68	0.002617583
B3GNT2	0.002616756
ERV3-1	0.002615648
MFGE8	0.00261245
NMRK1	0.002612125
TRIAP1	0.00261147
KMT5C	0.002610942
PIGG	0.002608497
SEC61G	0.00260749
G0S2	0.002607197
CPD	0.002606718
MRPL41	0.002605367
AMIGO1	0.002603991
SP140L	0.002602633
NAT9	0.002602309
BTN2A2	0.00260228
ABCF3	0.002601905
KRTAP1-3	0.002598168
PFDN5	0.002597939
MMP14	0.002597169
TMCO1	0.002597038
ABHD14A	0.002596538
SLC12A4	0.002595537
B4GALT7	0.002593928
MGAT5	0.002593649
ANGPT1	0.002592704
OSTF1	0.002592319
GUK1	0.002591012
DHRS1	0.002589659
CHCHD7	0.002588838
RTL5	0.002585634
ABTB2	0.002584557
TCEA2	0.002584475
IL13RA2	0.002583975
HBA1	0.002583733
RTN4	0.002583613
BARX2	0.00258347
CST3	0.002581811
ACTN3	0.002579712
CLN8	0.002578383
RSPH9	0.002578269
ZNF136	0.002577215
POGLUT1	0.002571362
PPIC	0.002570099
SEL1L3	0.002567204
HPCAL1	0.002565028
ZNF528	0.002563999
EID1	0.002563174
CHCHD6	0.00256308
BHMT2	0.002562073
DGKQ	0.002559375
IGF2BP3	0.002559349
NPEPL1	0.002557264
C3orf52	0.00255326
AMACR	0.00255322
EAF1	0.002553072
DDX60	0.002552271
CYP1A1	0.002551926
SEMA7A	0.002550634
KLHL24	0.0025504
ZNF608	0.002547625
VPS37D	0.002546382
ZNF808	0.002545887
CLBA1	0.002545258
CASP1	0.002544501
ZNF547	0.002544116
ZNF841	0.002543686
EDEM2	0.002543549
SPTBN2	0.002543236
GC	0.002542966
ZNF692	0.002542835
GALNT1	0.002541945
TMEM87B	0.002539977
CCDC33	0.002539143
LMLN	0.002537228
COL27A1	0.002535929
MSTN	0.002535665
SLC35E4	0.002535307
HCN2	0.002534949
RFX5	0.002534875
PCDHB10	0.002534269
TCN1	0.002530923
TSPAN7	0.002530444
IFI27L1	0.002527
CYB561	0.002525509
MTMR7	0.002525187
ENO2	0.002524489
IGFL2	0.002523331
GMPR	0.00252161
KCNK6	0.00251954
OLFM2	0.002519169
SRD5A3	0.002518074
MVP	0.002517903
SS18L1	0.002517287
ST3GAL5	0.002516164
WHRN	0.002516022
PNRC1	0.002514598
HCN4	0.002513991
PNPO	0.00251399
ZNF222	0.002510141
SLC5A9	0.00250939
C1orf122	0.002508674
ITGA7	0.002507677
CEP290	0.002506107
ZCWPW2	0.002502859
HAGH	0.002498433
CASP3	0.002497915
UCN	0.00249778
LYPLA2	0.002496755
YIPF2	0.002493354
TST	0.002493191
PPT2	0.00249169
CCDC186	0.002489716
PVR	0.002489169
SLC9A5	0.002485974
CEACAM3	0.002481288
LGALS3BP	0.002480375
LAMB2	0.002480111
PDCD4	0.002479281
JUN	0.002479149
FAM89B	0.002478482
ATRX	0.002478154
POMGNT1	0.002476609
MTERF2	0.002475512
TMEM120A	0.00247401
RHBDF1	0.00247387
ARHGAP24	0.002473844
IRF8	0.002473328
LYPLAL1	0.002472821
FAM162A	0.002472248
MPG	0.002470174
TTC21A	0.002469087
ATOX1	0.002468253
TOMM7	0.002468083
RAET1L	0.002465899
LRIF1	0.002465517
KRT27	0.002465368
CD46	0.0024628
TMBIM1	0.002462202
MLKL	0.00246086
ECE1	0.002460138
CEACAM21	0.002459884
RDH10	0.002459543
CLTRN	0.00245895
MAPRE3	0.002458461
LIG4	0.002455802
SLC7A8	0.002455166
PSME2	0.002454759
KIF7	0.002453274
AAMDC	0.002452969
NKX2-6	0.002451895
NIPSNAP3A	0.0024496
L3HYPDH	0.0024486
PCP4	0.002448146
PFDN2	0.0024468
ACBD3	0.002446563
DDA1	0.002446223
CAPN10	0.002445907
BIVM	0.002445502
SCOC	0.002445348
COX6C	0.002443451
TMEM9B	0.002442545
MTSS1	0.002442463
LACTB	0.002441719
VAMP5	0.002440361
ACAP1	0.002439533
TRADD	0.002439249
MFAP3L	0.002436179
GRHL2	0.002436136
PROM2	0.002435335
CAMLG	0.002434815
KCTD16	0.002433499
BAIAP2L1	0.002432784
CES2	0.002432413
ZNF365	0.002430708
CTTN	0.002428797
ZNF468	0.002428523
TNF	0.002427712
DMPK	0.002427071
CACNA1C	0.002420891
SUPT5H	0.002419395
ZFYVE28	0.002417943
FAM98A	0.00241678
RFK	0.002413768
ZNF846	0.002412945
YIF1B	0.002411848
CREB3	0.002411198
SPR	0.002410569
PARP9	0.002408641
CD63	0.002407573
PCDHGA1	0.002406517
PLEKHB2	0.002406072
TGFBR2	0.002405512
KCNK1	0.002405457
BAX	0.00240289
CPEB1	0.00240262
SOD2	0.002402551
BTBD1	0.002401097
NAPB	0.002400922
NOTCH3	0.002400804
SRMS	0.002400142
DMD	0.002398589
ARPC5L	0.002398536
PDLIM4	0.002398201
DNAJC4	0.002396014
ARHGEF3	0.002395609
MAGEB2	0.002394708
DPP7	0.00239386
MT1X	0.002392762
UAP1	0.002388583
GPR22	0.002388037
ADGRE2	0.00238768
GINM1	0.002386603
P2RX5-TAX1BP3	0.002385866
GYS1	0.002384734
S100A3	0.002383407
SHROOM2	0.002382543
IKBIP	0.002381265
LMBRD2	0.002378736
FAM219B	0.002376781
LTBP3	0.002375802
IL4R	0.002375247
HMGCLL1	0.002375131
CPLX2	0.002374791
PPCS	0.002374022
NKIRAS1	0.002373419
HYAL2	0.002372956
TAX1BP1	0.002372555
PTPRM	0.002371516
THBS1	0.002370811
CIRBP	0.002370203
ABCD1	0.002368764
MAP1LC3B2	0.002366989
SCUBE2	0.002364917
GDPD1	0.002364832
NDUFA13	0.002364488
STXBP3	0.002363676
FREM1	0.002362061
MINAR1	0.002358915
EMC10	0.002353216
DDTL	0.002352932
CAV2	0.002351005
ARID4A	0.002349554
SNAI1	0.002347296
CLSTN3	0.002346994
CDC37L1	0.002346865
MRNIP	0.002346544
NLRC5	0.002345083
KIF3B	0.002344831
SLC22A9	0.002344379
NOL4L	0.002344058
STK32C	0.002343166
ARHGAP29	0.002342452
RMDN3	0.002342198
SLFN12	0.002338465
PWWP2B	0.002337823
CITED2	0.00233749
TCEAL1	0.002336433
SLC25A45	0.002335601
ABCA5	0.002334608
HLA-DMA	0.002334083
SECTM1	0.002332698
PNPLA3	0.002329052
NCF2	0.002328973
FBXW7	0.002328366
GDI1	0.002327791
PCYOX1	0.002325961
MAP3K10	0.002323986
FKBP1C	0.002323724
DDX60L	0.002322831
GSTO1	0.002319736
DEDD2	0.002316562
PTRH1	0.002316239
PHETA1	0.002315569
NDUFS5	0.002313552
STRA6	0.002312294
BIRC2	0.002311083
SPOCK1	0.002309576
PRDX6	0.002308008
SERINC3	0.002305967
CDH19	0.002305922
TSPAN3	0.002305457
NFKBIE	0.002305447
TMEM190	0.002304428
TAPBP	0.002303673
PYROXD2	0.00230289
LRRC69	0.002299943
CDK2AP1	0.002298215
SMIM27	0.002295498
ZNF763	0.002294895
ANKRA2	0.002294491
NAALADL2	0.002293895
TTC29	0.002293655
GAL3ST3	0.002290544
ODR4	0.002289827
SELENOT	0.00228944
BAMBI	0.002289032
SSR4	0.002286607
MYDGF	0.002282643
GOLT1B	0.002282101
BUD23	0.002281754
SPRYD3	0.002281039
CCDC157	0.002279486
ST3GAL6	0.002278703
PDIA5	0.002278691
AFF3	0.002278183
PRR5	0.002274848
SLC15A4	0.002272426
SMIM29	0.00227205
ZNF573	0.002271475
SLC3A1	0.002269887
ALDOB	0.002269635
PTRH2	0.002268126
KRT18	0.002267419
RASSF4	0.002266473
NME1-NME2	0.00226524
TM2D2	0.002264973
TM9SF2	0.002264629
BSG	0.002264054
ARHGEF4	0.002263202
LIMA1	0.002262981
GDA	0.002262431
ATAD3B	0.0022574
TMSB10	0.002257129
GALNT11	0.002256552
CARD19	0.002256301
UGGT2	0.002256174
SESN2	0.002256009
ZNF441	0.0022554
MKRN2OS	0.002255278
PDXDC1	0.002254002
RGS9BP	0.002251504
IL18BP	0.002251204
NCSTN	0.002248891
NDUFB2	0.002248006
IGLON5	0.002246898
PAPSS2	0.002246101
DNAJB14	0.002245849
FAM181B	0.002245392
RARB	0.002244206
C3orf33	0.00224289
CACFD1	0.002242125
LY6G5C	0.002241523
AJM1	0.002241498
CMAS	0.002240986
PHLDB2	0.002240023
ROBO3	0.002239431
CCNL2	0.00223777
PLD5	0.002236994
PICK1	0.002235423
KCNF1	0.002234708
SH2B2	0.002233884
PTPN1	0.002231942
TMEFF1	0.002231374
DNAJB6	0.002231102
PLPPR2	0.002230966
CDIPT	0.0022302
PIP4K2C	0.002227961
SRSF8	0.002227389
TMEM208	0.002226857
SLC16A3	0.002225929
LUC7L3	0.002225412
CD44	0.002225395
UBE2G2	0.002225048
MBOAT7	0.002224352
HOMER3	0.002222302
WNT10B	0.002221201
TMED4	0.002219498
TGOLN2	0.002218798
TOLLIP	0.002218335
FTH1	0.002218132
TCEAL8	0.002216761
EGLN1	0.002215581
C7orf25	0.002215061
CALR	0.002213381
CDC42SE1	0.002212692
KIF1C	0.002211017
GPR137B	0.002209753
C12orf54	0.002207915
GMNC	0.002206465
BECN1	0.002206331
FMN1	0.002206243
ARFGAP1	0.002205889
TPPP	0.002204547
ANAPC13	0.002204336
NOX4	0.002203992
KIAA0825	0.002203602
ROMO1	0.002200026
FEZ1	0.002199834
YIPF6	0.002198641
UBE2H	0.002198092
DNAJC6	0.002197232
FAM50A	0.002196992
MFSD10	0.002196885
DGCR6	0.002195671
EIF4A2	0.002195082
SLC39A6	0.002194005
RASSF3	0.002191326
AP2S1	0.002190772
GLP2R	0.002189443
MRPL36	0.00218922
NFKBIB	0.00218793
ARPC1B	0.002187609
DLG1	0.002187094
IGF2BP1	0.002186071
RTKN	0.002185951
FAM53A	0.002183668
BSDC1	0.002181988
SSB	0.002181551
DOHH	0.002179041
SELENOK	0.002178891
TNP1	0.00217887
GAS8	0.002178694
SRP14	0.002177832
HS3ST5	0.002177394
ALDOA	0.002177205
KLC4	0.002174015
EMC2	0.00217089
LYST	0.002165857
BCL2L2	0.002164688
VPS13C	0.002164179
STC2	0.002162335
ITPR2	0.00216152
ZNF419	0.002161252
WLS	0.002160115
PCMT1	0.002158861
PCED1A	0.002157813
CLIP4	0.002157803
KCP	0.002157681
XYLT2	0.002157439
HMGA2	0.002154143
ARHGDIB	0.002152405
CPEB2	0.002150517
CCL15	0.002149727
ERH	0.002149487
THNSL2	0.002148563
RSRP1	0.002148559
SERF2	0.002148456
CLK4	0.002146671
GPR153	0.00214441
GPR150	0.002142409
ICAM3	0.002138695
TMEM129	0.002138134
ENDOV	0.002136078
SAGE1	0.002135296
CCN2	0.002131239
SLC35F5	0.002129467
SLC35E1	0.002128056
NUDT17	0.002126882
SPCS3	0.002126724
ZNHIT1	0.00212587
CDCP1	0.002125841
KCNIP1	0.002125685
MRPL32	0.002125355
PPP1R3F	0.00211925
TRAPPC3	0.002119027
NECTIN2	0.002118895
ARPC3	0.002118526
CLTB	0.002117855
TMEM54	0.002115337
ATP6V1D	0.00211424
BORCS7	0.002110736
COX16	0.002109976
PSMG4	0.002109872
S100A13	0.002108532
TMEM165	0.002108153
SGSM3	0.002107241
RNF207	0.002106145
TRAF4	0.002105927
YRDC	0.002105248
PCBD1	0.002102708
GFPT1	0.00210212
NCS1	0.002097147
HPCA	0.002094062
SLC5A3	0.002093755
CLDN12	0.002093252
RAB1A	0.002093211
OSBPL2	0.002092972
ZNF234	0.002091553
TUT7	0.00209116
EMC3	0.002090918
FKBP1A	0.002090781
CALM2	0.00208938
PNMA6A	0.002089173
IFNGR1	0.002088463
LRAT	0.002087808
RHOB	0.00208688
DCBLD1	0.002086373
CD1D	0.002083506
RELT	0.002081613
FSTL3	0.002080971
FAM219A	0.002080407
PPFIBP1	0.002080027
NUCB1	0.002079777
SH2D2A	0.002079553
DESI1	0.002079279
GM2A	0.002077215
UHMK1	0.002076937
FBXL6	0.002076011
TFEB	0.002076005
OTUD5	0.002075442
ARHGAP27	0.002074717
CD99L2	0.002074506
ZNF211	0.002074288
GRK4	0.002074245
PNISR	0.00207181
ZNF583	0.002071272
CCR10	0.002070327
RAB11A	0.002070276
EPPK1	0.002067489
SURF6	0.002067393
MEGF8	0.002066347
SPEF1	0.002063517
TH	0.002059539
PLSCR3	0.002058199
MGAM2	0.002057897
CAPN8	0.002057276
C1orf53	0.002055258
HPS5	0.002053195
TOB1	0.002052948
DMTF1	0.002050607
LYSMD3	0.002048642
JKAMP	0.00204763
PTPRJ	0.002047194
APH1B	0.002046354
LIN37	0.002043422
ITPR1	0.002043205
RXFP1	0.002042529
MIGA1	0.002040227
RIOK3	0.002039335
REXO2	0.002037491
BATF2	0.002037486
TM7SF3	0.002037327
ZSWIM8	0.0020367
SLC4A3	0.002036245
TCN2	0.002036174
COG6	0.00203177
NME5	0.002031658
PPP1R12C	0.002029914
AFM	0.002029824
GGCX	0.002029667
CLN5	0.002028795
DEFB103A	0.002028558
ARF4	0.002027641
ZDHHC9	0.002024578
PLOD3	0.002024136
SLC11A2	0.002023306
PCYT1A	0.002023127
MBNL2	0.002022995
ATP5F1E	0.002022228
RALB	0.002021147
RNF14	0.002019501
RNF121	0.002015088
TNFAIP1	0.002014021
VAT1	0.002013925
MBD5	0.002013787
LENG8	0.00201303
ISYNA1	0.0020124
TUBB3	0.002011067
LAP3	0.002010415
MREG	0.002009425
ZBTB46	0.002009262
MMP19	0.002007386
MYL12B	0.002006982
ARHGAP18	0.002006513
CCDC69	0.002006296
TBC1D8B	0.002004288
ZBTB4	0.002001926
ZNF654	0.002001817
RWDD2A	0.002001315
SLC30A9	0.002001286
MYBL1	0.002000489
RAB5A	0.002000356
RNF166	0.001999942
LZTR1	0.001999366
SLC9A2	0.001999326
OCIAD1	0.001999215
TIMP1	0.00199838
CDC34	0.001998379
MYOF	0.001998294
ZFC3H1	0.001997372
MOSPD1	0.001996616
TBCEL	0.00199543
SDF2	0.001995303
FUOM	0.001994618
PLIN2	0.001993588
HEXA	0.001992647
TBC1D19	0.001992628
GGA1	0.001991626
RAB29	0.001991091
PEA15	0.001987376
FAM241B	0.00198438
RNF181	0.001983603
ABCG1	0.00198201
RPN1	0.001980213
MYPOP	0.001980106
APOE	0.001979423
FAM221A	0.001979058
SMIM26	0.00197852
ZFAND2A	0.001978466
SSC5D	0.001977755
DSC1	0.001976734
RHOJ	0.001976409
CARD6	0.001976192
LPAR2	0.001976005
MICALL2	0.001975774
GLIPR2	0.001975317
BOLA2B	0.001974562
COA5	0.001973222
ZNF431	0.001972813
IL23A	0.001972132
ADGRV1	0.001971328
NINJ1	0.001971302
ANKRD63	0.001969616
TTLL3	0.001969393
IFNGR2	0.001969116
VIL1	0.001968822
PLSCR4	0.00196877
LURAP1	0.001967294
COMMD6	0.001967174
YIPF3	0.001966904
NEDD4L	0.001966061
ILDR1	0.001964514
COL4A2	0.001963855
TDRD5	0.001963374
ARL8A	0.001963297
STOML1	0.001961155
NMRAL1	0.001959562
ZNF440	0.001959286
ORAI2	0.00195878
RABGAP1L	0.001957808
SLC12A9	0.00195565
USO1	0.001955286
ZNF425	0.001954787
FXYD3	0.001953652
SAMD8	0.001953496
LEPROT	0.001952971
KATNB1	0.001952181
SCRN2	0.001951625
NCEH1	0.001951497
NAGK	0.001951062
RO60	0.001950389
PTP4A1	0.001948329
TRAK2	0.001945024
ENO1	0.001939622
CHURC1	0.001939513
LMBR1L	0.00193907
TRIM23	0.001938704
AKAP9	0.001936366
GRIP1	0.001936316
TIMP2	0.00193487
PIM2	0.001934321
FOXO4	0.00193416
LRP10	0.001932703
METTL8	0.001932465
RNF103	0.001927569
BBS5	0.001927112
CTU2	0.001925282
HDAC10	0.001925148
SDC4	0.001924914
ARAP1	0.001924318
ZNF660	0.001922742
IRGQ	0.001921767
SURF2	0.001921609
ZFP82	0.001919813
CT45A5	0.001915896
MRPL17	0.00191555
TRPT1	0.00191505
CAMK1D	0.001914886
GIPC1	0.001914791
TRPC4	0.001914658
NRBF2	0.001913991
SECISBP2L	0.001913936
SLC13A3	0.00191364
ZNF569	0.001912035
TMEM59	0.001910915
ZMPSTE24	0.001909899
DDT	0.001908781
UBR3	0.001907572
B3GNTL1	0.001907388
FAT3	0.001906591
OAZ1	0.001906531
MOB2	0.001905821
ALPK2	0.001905474
GGPS1	0.001905283
ARL6IP5	0.001903689
ZNF837	0.001901222
TOM1L2	0.001899605
TBX19	0.001898678
REEP5	0.001898571
SHARPIN	0.001898344
WNK2	0.001896921
SULT2A1	0.001896157
LIMK2	0.001895305
NME4	0.001895259
RHBDD2	0.001895146
GHDC	0.001894808
MCEE	0.001892854
TRIM38	0.001890942
FHOD1	0.001889881
BARX1	0.001889617
CHRND	0.001889317
PRKAR1A	0.001888921
RNF149	0.001888552
HERC4	0.001888245
UBE2L6	0.001888069
SERP1	0.001888023
RPN2	0.001887346
ATP2C1	0.001887253
PGM3	0.001886984
IGSF8	0.001886574
ZNF227	0.001886286
CLCN2	0.001885987
RND3	0.001884664
RBCK1	0.001883604
SOX4	0.00188187
TMEM234	0.001880275
INSIG2	0.001880265
IP6K2	0.001879854
TNFRSF11A	0.001879706
SLC4A7	0.001879637
LAPTM4A	0.001876916
ADAM23	0.001876001
FLI1	0.001875669
DMXL2	0.001875482
ZNF420	0.001874934
TCEAL2	0.001874539
ZNF622	0.001873582
TPD52L2	0.001873081
TMEM50B	0.001870978
ANGPTL2	0.001870766
IRF9	0.001869607
NDEL1	0.001869497
GAGE12E	0.001868262
MIEF2	0.001866193
DIPK1B	0.001865803
ARSD	0.001865203
FUCA2	0.001864668
C1orf216	0.00186453
ZNF461	0.001864518
SH3GLB1	0.001863235
ERCC6	0.001861898
ENKUR	0.001861039
C2CD2L	0.001860443
SRA1	0.001859663
ATP6V0D1	0.001857993
COPE	0.001855165
GOLGA2	0.001855141
ADAM9	0.001853838
DPCD	0.001853767
SLC4A4	0.001853483
SCML4	0.001853343
IER5	0.001853041
HS2ST1	0.001852663
IFIT1	0.001852525
NDFIP2	0.001852486
ZNF20	0.001852232
ZNF554	0.001851659
BTBD10	0.001851168
UQCRQ	0.001850846
NDUFA5	0.00185072
BMP1	0.001850042
TMEM127	0.001848589
C19orf53	0.001848062
RAB11FIP5	0.001846735
PRKRIP1	0.001846089
ATP9A	0.001845956
IL1RAP	0.001845428
ZFYVE1	0.001845209
ERGIC3	0.001844492
RAP1GAP2	0.001844409
ARID4B	0.001843688
TMCO3	0.001843591
HIPK3	0.001842824
ARHGEF28	0.001840657
FRY	0.001840609
CHMP1B	0.001836522
EXTL2	0.001836167
TAP2	0.001835765
FAM131A	0.001835659
PRKCE	0.001834975
RABGGTA	0.001834403
CCDC170	0.001833991
USP35	0.00183369
SBDS	0.001832683
FKBP2	0.00183197
POLR2L	0.001831287
MOB4	0.001830668
TCEA3	0.001830016
DEFB103B	0.00182951
COL12A1	0.001829161
DDR2	0.001828962
FGF12	0.001826251
TRPC1	0.00182535
DAP3	0.001825066
ICAM5	0.001824867
MZF1	0.001824853
HM13	0.001824716
TMUB2	0.001824531
JRKL	0.001822985
PAGE5	0.001822342
CISD1	0.001822235
IFNAR2	0.001821873
PLEKHA1	0.001820988
OST4	0.001820598
COX5B	0.001819972
TAS2R5	0.001819322
COL11A1	0.001818798
TRAPPC6B	0.001818029
IQANK1	0.00181773
RHOQ	0.001817195
COPB1	0.001816955
ZNF707	0.001816795
TIMM29	0.001814331
RALA	0.001813631
VLDLR	0.001813011
SDC2	0.001812912
MANSC1	0.001812901
PSMB5	0.001812828
COMMD5	0.001812819
PHF23	0.001811696
TOR1AIP2	0.001811466
TBK1	0.001811255
SBNO2	0.001810926
ATP5ME	0.001809207
DENND4A	0.001809016
ATP6V1H	0.001807771
UGCG	0.001807334
PEX11G	0.001806212
SLC4A2	0.001806106
RFTN1	0.001805678
CEACAM19	0.001804638
RCN3	0.001804463
GALNT2	0.001803733
DNASE2	0.001801427
FBXL15	0.001801242
MPP2	0.001800037
NR2F1	0.001799415
MRAS	0.001799398
ITM2C	0.0017989
FAM234A	0.001798264
DKK1	0.00179623
TFRC	0.00179551
CDIP1	0.001795202
PPP6R2	0.001794182
CEP164	0.001794147
CD81	0.001793805
GDE1	0.001793657
MTUS2	0.001791747
RNF146	0.001790196
HMOX2	0.001787748
CXCL14	0.001787135
GRINA	0.001784291
KIF3A	0.001784145
COX4I1	0.001783997
RNF170	0.001783201
LRP5	0.001781366
OTC	0.001780939
GAS2L1	0.001780533
DAPK3	0.001779951
COPA	0.001779027
CRYL1	0.001778916
CNPY4	0.001776404
PARP14	0.001776187
MAPK8IP1	0.001771236
CCNG1	0.001771142
MRFAP1	0.001769772
TNIP1	0.001769327
INPPL1	0.00176924
PRDX2	0.001767863
ASCC3	0.001766952
EEF1AKMT4	0.001764438
COX17	0.00176335
KHDC4	0.001763073
NDUFB8	0.001762584
UBXN4	0.001762224
TPP1	0.001761905
CT45A3	0.001761865
SAP18	0.00176116
ANKRD13D	0.001760069
HTR7	0.001760039
TLX1	0.001760036
DIRAS1	0.001759373
TICAM2	0.001757657
RGPD2	0.001755458
PREPL	0.001755141
SYT1	0.001755033
RFLNA	0.001752357
CCDC142	0.001752007
ACP2	0.001751908
TM9SF3	0.001751158
SEMA3A	0.001750965
DGKA	0.00174851
TLCD2	0.001747426
SIRT7	0.001747241
ABCC5	0.001744843
SGSH	0.001743992
CHIC1	0.001741609
EPM2AIP1	0.001740294
TIMM17A	0.001738719
PUSL1	0.001737912
WNT5B	0.001737797
FAM200B	0.001737746
F2R	0.001737677
INTU	0.001737441
TEX9	0.001737277
ERN1	0.001737182
RRP9	0.001734528
PDIA3	0.001733951
RSPH3	0.001733822
ANO10	0.001733704
BAD	0.001732577
ATP7B	0.00173241
SRI	0.001731656
WFS1	0.001731325
ZNF135	0.00173125
DLG4	0.001729351
VPS18	0.001728882
ALG2	0.001728161
MAGED2	0.001727389
HLA-DQA2	0.001727108
TMEM120B	0.001726989
TMF1	0.001726813
GCAT	0.001726112
PRICKLE1	0.001725797
FGF2	0.001725727
DNAJB11	0.001725205
DACT1	0.001724528
PIGS	0.001724099
TJP3	0.001724009
FBXO22	0.001723658
INMT-MINDY4	0.001722583
CFAP36	0.001721167
UNC5D	0.001720522
MAFG	0.001719568
ASAH1	0.001719086
TMEM68	0.001718766
DDR1	0.00171786
NCBP2	0.001717172
EIF2AK3	0.00171698
PLPP5	0.001716971
YDJC	0.001715624
RAPGEF3	0.001713973
TTYH3	0.001712186
DUSP10	0.001711745
ADPRHL1	0.001707947
SLITRK3	0.001706007
B4GALT4	0.001705852
SCO2	0.001704832
UBA6	0.001704612
MYL6	0.001703464
ZMYM5	0.001702649
EBF4	0.001702544
DRD4	0.001702258
CYB5D1	0.001701519
BTN2A1	0.001701262
HOOK2	0.001699872
TM2D3	0.001699616
CEACAM8	0.001699551
TAPT1	0.001699429
TRIM52	0.001699053
ADIPOR1	0.001698816
AFF4	0.001696517
KLK4	0.001696214
KRBA1	0.001695225
ZNF225	0.001694644
TIGD3	0.001692056
EEF1AKMT1	0.001691696
TM9SF4	0.001691606
C5orf24	0.001691403
SERPINB1	0.001690746
PAG1	0.001689159
HSPA5	0.00168824
ZNF790	0.001687763
POPDC3	0.001687756
WASHC4	0.001687439
SFN	0.001686115
NAA30	0.001683653
STK36	0.00168283
ITGA5	0.001680201
UFC1	0.001679246
FNDC4	0.001679193
HTR1D	0.001678735
CREM	0.001676647
EFCAB13	0.001676539
BTN3A3	0.001676035
FAM161B	0.001675779
NDUFA2	0.001674446
CACNA1H	0.001672709
PPP1R3B	0.001671635
NAPG	0.001671603
PANX1	0.001671231
ESRRA	0.001669946
COG1	0.001667224
C1orf52	0.001666822
ANKEF1	0.001664582
CLPTM1L	0.001664541
MTURN	0.001664363
GFOD2	0.001664175
SEL1L	0.001663774
D2HGDH	0.001663165
SYF2	0.001662703
NCOA4	0.001662673
MYH13	0.00166265
ZC3H12A	0.001662313
GLMP	0.001659318
TTC13	0.001658399
GXYLT1	0.001657532
DUSP8	0.001655967
ZNF415	0.001655945
NUDT16L1	0.00165579
UQCRHL	0.0016556
NDUFB1	0.001655268
MCTP2	0.001651391
NFU1	0.001650883
OAZ2	0.001649844
TXNDC15	0.001649642
EDARADD	0.001649397
TSPO	0.00164859
KIAA2013	0.00164858
CFAP53	0.001647931
CDR2L	0.001647849
PTPN6	0.001647429
MTPN	0.00164638
WDR18	0.001646269
NPM3	0.00164561
SENP5	0.001644647
MYO5A	0.001644634
NFKBID	0.001643859
COX7B2	0.001642982
LGALSL	0.001642122
C4orf3	0.00164145
ADAMTSL4	0.001639677
PRADC1	0.001638727
PPP1R2	0.001637849
HSD17B12	0.001637811
ARMCX6	0.001637472
GGACT	0.001637332
SYNC	0.001636597
SGSM2	0.001636342
MAN2C1	0.001634614
SCARA5	0.001630882
YAE1	0.001630634
DDOST	0.001629371
CCND3	0.001628406
SUCNR1	0.001627907
SNAPC3	0.001627901
MRPL33	0.001627728
TMED5	0.001627111
TMC7	0.001625218
LMF2	0.001622435
TMTC3	0.001621212
BDH1	0.001620798
GLB1	0.001620407
TTLL7	0.001619155
LMNTD2	0.001619144
ZNF862	0.001618164
SAMD3	0.001617902
PJA2	0.001617092
TAGLN	0.001616763
KLHL20	0.001614887
GPAT4	0.001614571
CD164	0.001614566
DNAJC10	0.001614556
CEP170	0.001614256
ZNF444	0.001612994
PICALM	0.001611219
MPP4	0.001610523
DYNLL1	0.001610378
PEX7	0.001608631
CYP27A1	0.001608443
HSP90B1	0.001607874
ORMDL2	0.001606324
LRRC73	0.001602914
BICDL1	0.001602284
SLC22A23	0.001601315
ARL1	0.001601127
USP12	0.001601027
TXNDC17	0.001600862
SPCS1	0.001597727
STRN3	0.001597139
BBOF1	0.001596209
RUNDC1	0.001594599
ZUP1	0.001594595
CNPPD1	0.001592798
THBS3	0.001592553
GRIP2	0.001590879
RNF44	0.001590436
KLLN	0.001589981
RABGGTB	0.00158979
EMP3	0.001589689
NCLN	0.001589253
CLCC1	0.001588887
PTDSS2	0.001583397
RECQL	0.00158163
ZNF616	0.001579723
SLC38A7	0.001579561
PYCR1	0.001579319
PRTG	0.001578817
RMDN2	0.001578372
UBE2Q1	0.001577597
EPB41	0.001576854
RGL1	0.001576641
EPG5	0.001575639
PFKM	0.001574088
BMP5	0.001573724
ANKZF1	0.001572838
BET1	0.001572579
MIER2	0.001572571
PCDHB4	0.00157193
KLHL36	0.001570969
REEP3	0.001569914
RGPD4	0.001569046
FEZ2	0.001568733
TMEM131	0.001567013
KDM5B	0.001566754
RGS19	0.001565839
AGTRAP	0.00156357
ARF6	0.001562732
NAT14	0.001561771
METRN	0.001561734
BNIP3L	0.001561349
PDK2	0.001561037
KIF3C	0.001560472
COLEC12	0.001560378
CFAP69	0.001559884
CHRNA5	0.001559751
ELOC	0.001559682
MT1HL1	0.001558755
PAFAH2	0.001557343
FNDC11	0.001556453
TIMM8B	0.001556011
EEF1B2	0.001555757
PTPMT1	0.001555725
CT45A10	0.001555693
YKT6	0.001555423
CKAP4	0.001555396
C10orf55	0.001554071
CD320	0.001554036
NAT8	0.001553447
PGGHG	0.001552991
SETD7	0.00155158
GOLGA4	0.001551007
DCAF5	0.001550379
COL18A1	0.001549985
SLC16A4	0.001549865
EPHA8	0.001548598
CERS5	0.001548388
VPS9D1	0.001545638
JCHAIN	0.001545072
TRAPPC4	0.00154432
TMEM219	0.001543526
SLC25A30	0.00154297
SELENOS	0.001542501
HEATR5B	0.001540409
PLLP	0.001540388
S100A16	0.001540374
SSR3	0.00154018
ZNF565	0.00154002
DNAJC24	0.001539197
DOK3	0.001538277
TMEM205	0.001537669
SIPA1	0.001537601
RAB5C	0.001536104
UQCRH	0.001536084
LGI4	0.001533506
ANGEL1	0.001532359
CTSB	0.001532331
C5AR1	0.001532191
HLA-A	0.001532124
IRF3	0.001531767
SLC30A4	0.001531661
CCDC90B	0.001531415
GPR137	0.001531295
TTC17	0.001530558
SPATA20	0.001530026
TM9SF1	0.001529601
NEDD8	0.001529414
RAET1E	0.001528783
ABCC10	0.001528378
YIPF5	0.001528194
TMA7	0.001527662
ZNF235	0.001527164
UBE2W	0.00152687
SEC11A	0.001526842
ERO1B	0.001526765
TNIK	0.001526023
TTC19	0.001525962
ADGRL1	0.001525524
RNPC3	0.001525122
SH2B1	0.001524974
PCMTD2	0.001524768
HYOU1	0.001523813
LMAN1	0.001523783
ZCCHC17	0.001522916
BORCS6	0.001522268
LTO1	0.00152195
TWF1	0.001521765
PML	0.001521752
RAB13	0.001520874
CORO1B	0.001520434
RRAGB	0.00152033
ZBTB17	0.001518709
TMEM243	0.001518556
TMEM80	0.001517995
FAM98C	0.00151711
PGRMC2	0.001517063
DNPH1	0.001515852
SMARCD3	0.001514465
MGAT1	0.001512499
GOLGA5	0.001511161
DPY30	0.001510764
ZRANB2	0.001510748
PAQR7	0.001509121
LAMP2	0.001508632
SIPA1L2	0.00150686
ENGASE	0.001506402
SRSF5	0.001506397
COG3	0.001506229
CNTNAP1	0.001505121
BTRC	0.001505094
CHMP3	0.00150454
TSSC4	0.001503648
THAP8	0.001503174
ATRN	0.00150276
VN1R1	0.001502354
SCNN1D	0.001501478
PBLD	0.001501438
EPSTI1	0.001501061
ZKSCAN1	0.001498993
SPAG7	0.001498867
ZMYM6	0.001498344
KLHL28	0.001497763
HOOK1	0.001496518
CPT1C	0.00149633
AQP10	0.001496144
SFXN3	0.001496135
ING4	0.001495647
EPHA5	0.001495617
SRSF11	0.001493847
FUBP3	0.001492858
SLC33A1	0.001490253
MAPK12	0.001487337
RUNX2	0.001487261
ETFB	0.00148724
ATL3	0.001486788
NKTR	0.001486417
AKAP8L	0.001485743
KIF21B	0.001485221
THOC2	0.001484985
TEX2	0.001484405
REC8	0.001484213
VEGFA	0.001483117
MYBBP1A	0.00148218
DDB1	0.001481924
STIM2	0.001481611
KIAA1217	0.001480055
DNAJB2	0.001478333
COX7C	0.001478226
KAT2A	0.001478142
RNASEH1	0.001478026
VPS8	0.001477596
TMEM126B	0.001477336
PRDX1	0.001477304
MYCBP	0.001475341
CRK	0.00147482
CCNT2	0.001473372
DNAJC16	0.001470877
CT45A7	0.001467537
CAPZA2	0.001467456
MSANTD4	0.001466927
GEM	0.001464588
DHRS3	0.001464439
ZNF804A	0.001464425
GRB2	0.001463725
DAB1	0.001461953
WDR47	0.001461801
EPN2	0.001461649
FBXO39	0.001461326
TSNAX	0.00146105
TRPM4	0.001460351
EIF5B	0.00146035
COL6A1	0.001459417
MORF4L2	0.00145924
DENR	0.001458024
ARV1	0.001455393
FURIN	0.001455328
POLK	0.001454635
C19orf25	0.001454291
GDF11	0.001453725
PIK3C3	0.00145278
RGL2	0.001452365
KIAA1191	0.001451552
AP1B1	0.001449591
FAM227B	0.001448885
SPRYD7	0.001448411
RAB10	0.001447774
G6PC3	0.001447566
DENND2C	0.001447521
FUNDC1	0.001445755
PTS	0.001445453
MTIF3	0.001444519
BCKDHA	0.001444007
NUFIP2	0.001443999
LIN7A	0.001443478
NPTN	0.00144318
FOSL2	0.001442962
AFF1	0.001442455
BPNT1	0.001441813
SLC2A8	0.001440969
SHB	0.001440401
GAMT	0.00143983
PLAC8	0.001439398
TEPSIN	0.001438497
ZNF337	0.00143836
TMEM245	0.001437212
POLR2K	0.00143707
VMAC	0.00143705
MICOS13	0.001436191
PHLDB3	0.001435895
RNF6	0.001435792
TMEM167B	0.001435015
ATAD1	0.001434589
MFSD11	0.001434577
SLC45A1	0.001432773
ANKLE2	0.00143257
ZNF701	0.001432562
RBM18	0.001432105
TMED2	0.001431899
ERGIC2	0.001431363
DNASE1	0.001431108
ANXA2	0.001429606
NADK	0.001429239
NRIP3	0.00142901
PLEKHG1	0.001428788
ZNF761	0.001427988
OGT	0.001427688
TXN	0.001427425
CHKB-CPT1B	0.001426671
GATD1	0.001426552
DEXI	0.001426329
COQ4	0.001426307
ZNF84	0.001426026
NAA80	0.001425801
HCFC2	0.001425757
SPDYA	0.001423325
FIG4	0.001422288
RRAS2	0.001422243
FAM229B	0.00142212
TPM2	0.001421858
KRCC1	0.00142183
SEC61A1	0.001421791
LRCH4	0.001420884
SLC39A10	0.001420536
PPP2R1B	0.001418914
HEATR5A	0.001417675
FBXO9	0.001417408
CPLANE1	0.001417272
KLF9	0.001416672
PDCD5	0.00141585
EIF6	0.001415045
KYAT1	0.001414606
POLR2H	0.001413646
RBM34	0.001413451
MAP3K11	0.001413119
INTS6	0.001411639
SOCS4	0.001410773
EXOC1	0.001410369
PCSK7	0.001409426
CHRFAM7A	0.001409124
SLC18A3	0.001409023
NPHP3	0.001408431
CYCS	0.001408246
CHGA	0.001408149
NECAP1	0.001407094
FNBP1L	0.001406184
TMPRSS13	0.001405586
TMEM106A	0.001405106
DAGLB	0.001403853
NDST2	0.001402368
IRF5	0.001401133
NUDT14	0.001400748
KDELR2	0.00140052
HIGD1A	0.001399535
NLRP3	0.001399093
FSD1L	0.001398737
TMEM179B	0.001398434
SRPRB	0.001398093
PLCG2	0.001397579
PTPDC1	0.001396584
AGA	0.001395964
DTX2	0.00139577
ARMCX5-GPRASP2	0.001395127
FAM156A	0.001394366
APBB1	0.001393034
NCBP2AS2	0.001392442
XXYLT1	0.00139223
TUFT1	0.001392221
EXT2	0.001391764
UBXN8	0.001391675
TP53INP2	0.001389014
SNAPC1	0.001389006
MAGEA10	0.00138863
STK25	0.001388196
MAGT1	0.001387875
ZNF267	0.001384617
MORF4L1	0.001384395
ATM	0.001384117
ZNF276	0.001383899
SLC25A36	0.00138295
RDH14	0.00138219
ELP2	0.001381974
COX6A1	0.001381655
SHISA5	0.001381294
STK38L	0.00138104
NEMF	0.001379864
BTBD9	0.00137794
KDM6B	0.001377625
FER1L6	0.001376691
NBR1	0.001376401
DEFB4B	0.001376305
SEC31B	0.001375915
IL1RL1	0.001375893
DYNC1H1	0.001375813
MRPS21	0.001375703
TMEM119	0.001374423
RGPD3	0.001373674
PIK3C2A	0.001370395
ZFAT	0.001370048
MIA-RAB4B	0.001369794
TCEAL4	0.001369621
PSMD4	0.001367764
CSRNP2	0.001367451
TCAF2C	0.001366804
ZNF316	0.001366601
SLC35B2	0.001365865
TMEM14C	0.001365765
TAS2R14	0.001365595
PGK1	0.001364623
GRPEL1	0.001364166
SMIM10L1	0.001363521
ZNF426	0.001363497
GMPR2	0.001362705
SEC24A	0.001362689
TFF2	0.001362669
NRG1	0.001360054
DRAP1	0.001359665
PAEP	0.001357969
VPS41	0.001355683
TMEM267	0.001355272
KCTD13	0.001354919
VAMP2	0.001352968
EXOSC4	0.001351001
AKAP17A	0.001350176
PELI1	0.001349998
NFAT5	0.001349938
ANKRD12	0.001349822
SALL3	0.001349015
FAM184A	0.001348175
CD2AP	0.001347872
SLC35C1	0.001346319
NEIL2	0.001343836
DHX29	0.001343616
DYRK1B	0.001343368
TXNDC9	0.001341902
TCEAL3	0.001340313
ATP1B3	0.001339427
CHST12	0.001338426
BOLA2	0.001338048
NUMB	0.001337453
C11orf71	0.001337265
CCNDBP1	0.001337205
ESF1	0.001336726
IKBKB	0.001335277
PRAP1	0.001335028
GFM2	0.001334661
TDG	0.001334126
PLD3	0.001332521
KTN1	0.00133195
ZNF24	0.00133117
RER1	0.001331081
ZBTB22	0.001330685
SCP2	0.001330563
ADAM15	0.001329947
CCDC91	0.001329718
SH3BGRL3	0.001329382
EDA2R	0.001327985
PFKFB2	0.001327898
THEM4	0.001326455
SGCB	0.001326102
SIN3B	0.001325884
GOPC	0.00132583
RRP12	0.001324647
ENTPD4	0.001324516
PHF11	0.001323374
SYNE1	0.001321312
BORCS8	0.001320854
MACO1	0.001320178
OSTC	0.001319507
BRWD1	0.001317885
SPACA6	0.001316518
SLC30A7	0.001315923
HSDL1	0.001315636
DHRS9	0.001315526
IMP3	0.001315379
GPR180	0.001315109
OGFOD1	0.001314382
SCRN3	0.001313969
TPST2	0.001313341
ORM2	0.001313154
LRP12	0.001312919
ADA	0.001312347
EMILIN1	0.001312255
NACC2	0.001311333
PLA2G2F	0.001311303
RNASEK	0.001311089
BBS7	0.001311066
SMIM13	0.001310498
NAA38	0.001310249
TBC1D3	0.001310176
SELENOH	0.001308512
AP4M1	0.001308409
MRPS25	0.00130488
KDM4C	0.001303966
ABL2	0.001303759
MICAL1	0.001301462
TP53I13	0.001300313
CTBS	0.00129995
FMNL3	0.001299364
ANXA6	0.001298902
STK17B	0.001297191
ERP44	0.001296872
INPP1	0.001295878
TRAM1	0.001295874
NUAK1	0.001295687
IFRD1	0.0012947
PLA2G12B	0.001294696
PRICKLE4	0.001294241
SPIN2B	0.001290549
PROB1	0.001288458
LYRM1	0.001288118
OLIG2	0.001287429
PARP10	0.001287165
MLYCD	0.001287129
PDPK1	0.001286737
STX12	0.001286049
TBCA	0.001285901
SLC38A6	0.001285505
ARPC4	0.001285416
HOXD1	0.001285293
SNX8	0.001285281
SLC13A4	0.001284659
ATP5MF	0.001284642
KRT6A	0.001284639
MYCBPAP	0.001284197
VTI1B	0.001282818
CCL15-CCL14	0.001282342
YIPF4	0.001282124
TOR1A	0.001281001
CFAP157	0.001280245
ZNF738	0.00127969
SWI5	0.001278842
HES1	0.001278697
STX4	0.001278389
ZNF451	0.001278233
SELENOF	0.001277091
PPP1R15A	0.001276051
CCN1	0.00127499
ECHS1	0.001274961
ZNF708	0.001274253
ADGRF4	0.001274049
GPR135	0.001274005
DMXL1	0.001273574
HMG20B	0.00127153
VEZT	0.001271427
TPTEP2-CSNK1E	0.001269956
ZNF251	0.001269783
NIPA2	0.001268669
CHFR	0.00126786
GAK	0.001266457
FBLIM1	0.001266364
SLC51A	0.001265196
CLMN	0.00126452
EXOC8	0.001263913
GBE1	0.001263347
TACC1	0.001262547
NSF	0.001262403
SLC25A37	0.001262237
UROS	0.001262026
PEX11B	0.001261978
TBC1D9	0.001259902
STAT3	0.001259512
SNX25	0.001259071
INSM1	0.001258979
RNF10	0.001258718
CHMP7	0.001258617
MTDH	0.001258141
APOBEC3F	0.001257951
TSG101	0.001257327
TRIM71	0.001257158
CMTM6	0.001256884
C1orf50	0.001256041
MACF1	0.001255933
RABEP2	0.001255585
NDUFA3	0.001254438
FSTL1	0.001254266
C8orf76	0.001253669
B3GALT6	0.001252722
ZBTB11	0.001252543
AKIP1	0.001252138
ZNRD2	0.001252121
ALG5	0.001251499
C10orf88	0.001250609
MRPL50	0.001250592
NARF	0.001250503
GOSR2	0.001250129
EMID1	0.001249037
NUDT18	0.001248475
ITPKC	0.001247396
ZNF239	0.001247264
TNS4	0.001246835
NAT1	0.001246367
COPS9	0.001246269
SLC38A9	0.00124487
SCRT1	0.001244391
PHPT1	0.001243614
SHISA7	0.001243392
LENG1	0.001242994
PLPPR1	0.001242181
EXOC7	0.00124184
RWDD3	0.001241421
AMMECR1L	0.001241331
BEX3	0.001241299
BCR	0.00124089
GPR78	0.001240298
C4BPA	0.001239842
DIP2A	0.001239211
ACTR10	0.001239201
GANAB	0.001238454
ZNF79	0.001237279
MOB3C	0.001236844
NAXD	0.001236627
SPPL2B	0.001236456
STK19	0.001235957
TNK2	0.001234092
AEN	0.00123126
GALNS	0.001230629
ZNF383	0.001229761
ST3GAL2	0.001228347
SPEG	0.001226987
SUB1	0.001226492
NIPA1	0.001226161
SEC31A	0.001224447
ANO7	0.001224148
COPS8	0.00122344
SIRT5	0.001222788
VRK2	0.001222377
PFDN6	0.001221766
POLH	0.001221454
SYNGR3	0.001221056
DISC1	0.001220199
SLC9A3	0.001220076
FYTTD1	0.001219794
TBC1D3K	0.001219284
PROSER2	0.001217746
ARL8B	0.001217742
PHKA1	0.001217026
ATP5PD	0.001216791
PLB1	0.001216067
GALNT9	0.001215803
MYL12A	0.001215673
KCTD7	0.001215493
COMMD8	0.001215472
ARGLU1	0.001215079
TMEM9	0.001214435
BICD1	0.001214174
MRPL55	0.001212449
FAM156B	0.001212256
FBXL5	0.001211908
SGMS2	0.001211701
TTC1	0.00121075
PRKAR1B	0.001210584
RANBP6	0.001210117
BLOC1S4	0.001209906
KLHL21	0.001209056
RIPK2	0.001206736
CDK7	0.001206415
DNAAF3	0.001205975
RRBP1	0.001205888
IVD	0.001204012
CYP4F3	0.001203898
CLHC1	0.001203812
SPAG9	0.001203342
XAF1	0.001203339
BOLA1	0.001203106
PLXNB1	0.001202661
PRICKLE2	0.001201341
ZNF485	0.001200603
CROT	0.001199963
ETV5	0.001197769
PIAS2	0.001197479
RGMB	0.001197387
PRKAB2	0.001197265
MFSD5	0.001196917
MPV17L2	0.001196897
ACOT13	0.001196566
MAGEA3	0.001196528
VDAC2	0.001196261
PSPC1	0.001195333
FLYWCH1	0.0011952
LIMCH1	0.001194524
FLCN	0.001194293
SNAPC4	0.001192718
CSNK1G3	0.00119204
NAGLU	0.001191593
COA4	0.001191341
PKIA	0.001189762
KCNB1	0.001189605
SDE2	0.001189112
YWHAG	0.001188646
XPNPEP1	0.001188236
DEAF1	0.001187887
C9orf78	0.001187871
PCDHB16	0.001187259
RSF1	0.001186725
KATNAL1	0.001186485
CCDC71L	0.001186287
KCNH7	0.001186229
ZFAND6	0.00118524
PRR13	0.001183843
HSDL2	0.001182437
TBC1D23	0.001181459
DNAJC25	0.00118128
CEND1	0.001180919
FAM163B	0.001180605
CYP3A5	0.001179897
ATP8B4	0.001179767
PELO	0.001178729
DNAJA2	0.001177784
DNAJC2	0.001177626
PRPF39	0.001177411
MED10	0.001176561
ABHD17A	0.001176061
TEFM	0.001175898
DPH3	0.001175701
ZNF44	0.00117563
ZNF671	0.001175459
TMEM147	0.001175093
CLCN5	0.00117457
CLDN10	0.001171678
JUND	0.001170986
NATD1	0.001170698
NDUFA7	0.001168995
RMC1	0.001168517
SPIN3	0.001168353
TSTD3	0.00116787
IMPA1	0.00116782
NDUFAB1	0.001167775
SNRNP27	0.001167701
SLC39A14	0.001167479
PCNX1	0.001166673
MYSM1	0.001166642
ZDHHC5	0.001165854
ZNF789	0.00116437
FAM199X	0.00116422
MAP2K3	0.001163562
BOLA3	0.001162269
HK2	0.001162257
PLA2G12A	0.00116011
DUSP1	0.001159981
FCSK	0.001159422
MAD2L1BP	0.001158448
VWA1	0.001158132
CLIP1	0.00115799
SETD3	0.001157792
DHCR7	0.00115763
MAU2	0.001157342
IPMK	0.001157012
TRNP1	0.001156674
NRP1	0.001156235
COX7A2	0.001155839
PSMD10	0.00115481
FEM1C	0.001154679
KIF5B	0.00115355
CIAO1	0.00115316
C6orf120	0.001152935
ZNF792	0.001151857
QTRT1	0.001151021
TNKS2	0.001150856
RPAIN	0.001150445
FXR2	0.001149999
SPATS2L	0.001148762
PNPLA2	0.00114864
C14orf119	0.001148212
DDIT3	0.001147513
VGLL4	0.001147343
RNMT	0.001146506
STX7	0.001146266
ZNF684	0.001146142
STEAP1B	0.001145179
MGST3	0.001144846
SPTBN5	0.001144763
STYX	0.001144445
TRMT2A	0.001144375
PTGER4	0.001144196
C10orf143	0.00114369
ARSB	0.001143637
BDH2	0.001142299
AK5	0.001141906
MAP9	0.001141559
NAA20	0.001141005
RAB18	0.001140691
CTSF	0.001140398
SCHIP1	0.001139377
CCNL1	0.001138303
RGPD8	0.001138118
PDHX	0.001137708
RELL2	0.001136907
CCDC102A	0.00113642
ARHGAP5	0.001135461
RBPJ	0.001134845
CTAGE1	0.001134283
FNTA	0.001133998
BAG2	0.001133439
ECM1	0.001132284
NIFK	0.001131187
CEPT1	0.001130778
TCEANC	0.001130476
NUCB2	0.001128922
DYNLRB2	0.001128739
AKAP10	0.001128254
RAB4B	0.001128218
BCL10	0.001128167
GSKIP	0.001127661
RAB6D	0.001127432
SMOX	0.001127246
TIMMDC1	0.001127225
GRIPAP1	0.001126898
STX6	0.00112687
RABGEF1	0.001125455
TRNT1	0.0011251
MGLL	0.00112447
ERO1A	0.001123202
ERGIC1	0.001122813
ZNF215	0.001122167
C7orf50	0.001122095
ZNF69	0.001122056
ZBTB8OS	0.001121512
EGLN3	0.001119875
CCDC112	0.001118656
AURKAIP1	0.001118224
ZNHIT6	0.001116216
ARRDC3	0.001116148
HCCS	0.001115489
TMEM44	0.001115281
AMPD2	0.001114913
ARF3	0.001114588
PSMB8	0.001114571
ZNF844	0.001114523
ZSCAN32	0.001113876
EVI5L	0.001113676
HTRA2	0.001113568
POMT1	0.001113304
OPCML	0.001112499
KIFC2	0.001111569
EML2	0.001111346
SYVN1	0.00111045
TRMT13	0.001109828
PXDC1	0.001109718
C19orf12	0.001109716
PRMT2	0.001109107
ZNF529	0.001107502
NEURL2	0.001107378
TP53RK	0.001106869
C2orf49	0.001105413
CIAO2B	0.001104806
SEC61B	0.001104555
FAM110B	0.001102705
ZNF418	0.001102593
TAF4B	0.001102237
NDUFA11	0.001101336
SHPK	0.001101289
GPSM1	0.001101225
ATP6V1C1	0.001100608
VDAC1	0.001099844
ZNF596	0.001099477
LRRC75B	0.001098566
ACTR3B	0.001096264
EML1	0.001095446
ARFIP2	0.001095352
RUSC2	0.001094333
DCLK2	0.001093468
FGL1	0.001092861
ZNF449	0.001092681
ALAD	0.001092202
ELMOD2	0.001091312
ARL6IP4	0.001091102
METTL25	0.00109051
STAT2	0.001089991
VCPIP1	0.001089609
DHRS7B	0.001089272
AHRR	0.00108867
FAM91A1	0.001087843
TMED1	0.001087313
BRF2	0.001087094
RINT1	0.001086935
MAGEA2	0.001086566
HILPDA	0.00108562
AOC2	0.00108536
FASTK	0.001085339
PTRHD1	0.001083947
TOMM5	0.001083503
ELOVL1	0.001082343
TMEM41B	0.001082308
IRF1	0.001082121
NEPRO	0.001081669
CCDC14	0.001081647
TBC1D3E	0.001080908
PSMC1	0.001080792
PCDHGA6	0.001080207
SSBP1	0.00107958
ATR	0.001079192
CERS6	0.001078469
SF3B1	0.001076499
KAT2B	0.001075791
ZMYM2	0.001075052
PGAM4	0.001074946
CEP19	0.001074916
MSR1	0.001074486
SLC9A1	0.001074357
NR0B2	0.001074062
MIGA2	0.001073774
DDX49	0.001073387
ARF1	0.001073057
IFI35	0.001072976
YAF2	0.001072689
ACAD8	0.001072677
PEX19	0.001071538
BCL2L13	0.001070589
DGAT1	0.0010705
VWA3A	0.00106989
CFAP298	0.001069857
GRIA2	0.001069333
FRA10AC1	0.00106805
GNGT1	0.001065919
NUDT16	0.001065759
MOB1B	0.001065585
VOPP1	0.001065232
ZNF394	0.001065077
RNF19B	0.00106484
PDRG1	0.001064047
NDUFC2	0.00106265
DACH1	0.001060764
SRP54	0.001060428
ALG11	0.001059365
TPT1	0.001059122
SLU7	0.001059048
WWP1	0.001058438
P4HA3	0.001058303
ACTR2	0.001058278
C12orf4	0.001057748
GOLGA8Q	0.001056983
FHL2	0.001056907
SSR1	0.001055895
ZNF888	0.00105579
SURF4	0.001054803
NCK1	0.001052496
CNEP1R1	0.001051965
FDX2	0.001051762
FMC1	0.001050894
TSPAN17	0.0010502
NME2	0.001049326
COMMD1	0.001049304
MOGAT3	0.001049157
MLEC	0.001048866
HECTD1	0.001047882
VPS37A	0.001047752
SNX19	0.001047331
PPHLN1	0.00104637
HMGCL	0.001045972
MROH1	0.001044993
ZNF253	0.00104485
RGPD1	0.001044314
FOXR2	0.001044005
GPANK1	0.001043624
SERTAD3	0.001043215
AP1AR	0.001043158
HIP1R	0.001043075
EDF1	0.001043057
GATAD2A	0.001042521
PEBP1	0.001042479
THAP6	0.00104244
ARL6	0.001042422
CSRNP1	0.001042
USP15	0.001040945
DCAF8	0.001039608
PKM	0.001039504
NDUFAF7	0.001039395
RRAGC	0.001039009
COQ6	0.001038393
SH3YL1	0.001038298
ZNF12	0.001038203
GALNT4	0.001037399
DOCK4	0.001037171
TMX3	0.001036885
CCDC93	0.001036358
PHF1	0.001036201
DDX24	0.001035688
SLC25A42	0.001035255
PGAP3	0.001034874
MAMDC2	0.0010348
EMC1	0.001034384
WDR46	0.001034166
TRIO	0.00103377
FGFBP3	0.001033286
GMFB	0.001031315
UBE2M	0.001030548
NRBP1	0.00103053
RGPD6	0.001029412
PAFAH1B2	0.001029208
ACSS3	0.001028898
PRRT3	0.001027643
BOLA2-SMG1P6	0.001027426
TMEM115	0.001025886
MPPE1	0.001025472
ACAP3	0.001024657
ARFGAP3	0.001024191
TCAF1	0.001023785
KDM3A	0.001023566
SLC37A3	0.001023064
PIGH	0.001022875
LSM1	0.001022671
SH3BGRL	0.001022283
SPG7	0.001021829
MINPP1	0.001021252
SLC35A2	0.001021051
TCF25	0.001020344
SLC29A4	0.001019716
MALSU1	0.001019418
PIN4	0.001018811
RAB2B	0.001018277
GTF2B	0.001017985
LEPROTL1	0.001017561
SCFD1	0.001016494
IPO13	0.001015747
RDH11	0.001015718
CT45A6	0.001015267
PCDHA13	0.001015173
GLMN	0.001014365
UNC119	0.00101428
UTP3	0.001014183
POLRMT	0.001013607
HINT1	0.001013274
BIRC6	0.001011419
PURA	0.00100921
NOC3L	0.00100821
KLHL17	0.001007797
STXBP1	0.001006602
APRT	0.001006456
ARL14EP	0.001005756
ZNF770	0.001004073
KCTD20	0.00100358
ADM	0.001003443
PGGT1B	0.001003093
GALNT6	0.001002089
LIMS1	0.001001557
TSPAN6	0.001001103
PISD	0.001000497
EVA1A	0.000999981
DHDDS	0.000999588
PCNX2	0.000998246
CMTM4	0.00099774
RAET1G	0.00099622
TRIM69	0.000996041
NENF	0.000995245
FBXO10	0.000995078
ZSWIM3	0.000994209
TMEM150B	0.000992579
ENSA	0.000992373
TBCB	0.000991293
IMMP1L	0.000990761
SDAD1	0.000990398
NKIRAS2	0.000990285
NECAP2	0.000990087
NLGN1	0.000989244
DUS1L	0.00098917
IL1R2	0.000988468
NME1	0.000988368
TNIP2	0.000988361
ZNF322	0.000988268
TARBP2	0.000986652
DERL1	0.000986309
SKIL	0.000986279
FAM168A	0.00098626
NAA10	0.000985785
PKD2	0.000985002
GSTA2	0.000984916
BACH1	0.000983631
TRMT12	0.000982507
EIF4G1	0.00098238
LAMA5	0.000981771
RUFY2	0.0009812
LIMK1	0.000981058
DCST2	0.000980713
ATG16L1	0.000980604
CORO6	0.000979366
UQCRB	0.000979349
JSRP1	0.000979201
RP2	0.00097839
ANKRD54	0.000978381
CDK10	0.000977765
LAMC3	0.000977191
PRPF38B	0.000976696
KLHDC10	0.000975016
ZBTB7C	0.000974747
PDCD11	0.000974521
PSMD2	0.000973611
NSMF	0.000973594
NPRL2	0.000973185
UBE2D2	0.000973086
EIF4G3	0.000972914
ZNF773	0.000972241
HSPA4	0.000972049
LBHD1	0.000971575
GOLGA8T	0.000971182
CLINT1	0.000969776
ZNF589	0.00096964
RNF187	0.000969492
FITM2	0.000969048
NMNAT1	0.00096886
ZNF260	0.000967916
HSPH1	0.000967865
SNX4	0.000967726
COTL1	0.000967002
TIGD7	0.000966427
ENTPD6	0.000966241
AOPEP	0.000965645
FXYD5	0.000964473
NIM1K	0.000963852
RAB3GAP1	0.000963769
PCGF3	0.000963489
AHSA1	0.000962313
ZBTB43	0.00096192
IER3IP1	0.000961646
PHACTR1	0.000961136
TRAPPC2B	0.000961107
ANO8	0.000960562
KCTD11	0.000960353
RAB1B	0.000958621
TRAF3IP3	0.000958084
GSTK1	0.000957042
CSNK1E	0.0009569
SLC39A9	0.000956662
FRYL	0.000956102
DNAH1	0.000955744
GOLGA6L4	0.000955098
PLXNA2	0.000954836
STRAP	0.000953652
GTF2F2	0.000953632
ACSL4	0.00095332
GLRX2	0.000953242
SPIRE1	0.000952925
DENND3	0.000952545
PDIA6	0.000952352
RC3H2	0.000951875
HECA	0.000951702
FAHD1	0.000951579
CYB561D1	0.000951128
POMP	0.000950997
TAF1D	0.000950256
MRI1	0.000949707
NAB1	0.000949538
CORO7	0.000949261
PSENEN	0.000949078
TNNT3	0.000948921
ZDHHC23	0.000946628
PSMB10	0.000946487
OGFR	0.000946344
MEGF6	0.00094612
PTPN12	0.000945215
TMEM17	0.000945019
TMEM199	0.000943797
PHTF1	0.00094303
PGAM1	0.000942986
CEBPZ	0.000942832
DAPK2	0.000942612
GRSF1	0.000942316
CRB2	0.000942153
AR	0.000942094
C14orf28	0.000942083
PPP2R3C	0.000942079
TRA2A	0.000942019
GUCA2A	0.00094179
PUS7L	0.000941738
PCDHGA2	0.000941595
TXNDC11	0.00094157
SUGP2	0.000939796
AP3B1	0.000939344
SLMAP	0.000939331
PIGY	0.000938828
CCDC96	0.000938545
ZNHIT2	0.000938225
ARIH2OS	0.000937827
RFNG	0.000937645
ATAD3A	0.00093752
CRIM1	0.00093679
IGHMBP2	0.000936617
PDE4DIP	0.000935353
TRIM21	0.000935311
FARSA	0.000934239
PNPLA8	0.000933598
PPP6R1	0.000933213
CCDC9	0.000932432
PCDHGA10	0.000930227
GID8	0.000929577
SYNJ2BP	0.000928567
GORAB	0.000927942
TMOD2	0.000927787
CAP1	0.000927625
COG5	0.000927416
SAR1A	0.000927267
HIBCH	0.000927205
MFN1	0.000927187
TMEM171	0.000927151
HADHB	0.000925801
ELOB	0.000925761
DNAAF2	0.000925127
SLC27A2	0.000925108
HSPA4L	0.000923047
UNC13B	0.000922472
BRAF	0.000921454
KIFAP3	0.000920767
SYAP1	0.000920514
PHF20L1	0.000920467
TBC1D30	0.000920398
DAAM1	0.000918235
MARK4	0.000917825
COL5A1	0.00091782
UBFD1	0.000917721
PAPPA2	0.000917403
ZNF606	0.000917228
DOP1A	0.000917213
TBC1D13	0.000916343
PARP8	0.000916272
SMIM7	0.000916248
SLC35E3	0.000915874
CARNMT1	0.000915162
MON1A	0.000914485
ANKMY2	0.000914
SUMF2	0.000913952
RAB2A	0.000913826
CSTF3	0.000913675
UBE2E1	0.000913578
TBC1D3F	0.000913197
GNL1	0.000912628
EXOC3L1	0.000912425
NEGR1	0.000911915
EHD1	0.000911676
TFE3	0.000911555
RAP2A	0.000911332
CCDC50	0.000911159
EFEMP2	0.000911144
HBP1	0.000911134
GTF2H1	0.000910568
PTPN11	0.000909729
DOCK5	0.000909558
SNX24	0.000909132
PES1	0.000908727
ACOX1	0.000908368
CTTNBP2NL	0.000906642
FKRP	0.000906076
BRI3	0.000906018
ISCA1	0.000905605
LGALS8	0.000905185
GAGE12C	0.000904182
KSR1	0.000904175
GGNBP2	0.000904164
DNAJC1	0.00090354
SSR2	0.000903523
SLC26A6	0.000902449
MINDY3	0.000902244
PTTG1IP	0.000902091
STK16	0.000902072
NUDT9	0.000901603
PSKH1	0.000901165
GPD1L	0.000901114
ZNF469	0.000900869
PPA1	0.00090082
CTNS	0.000900583
GPR108	0.000900335
TSR3	0.000899722
PNKP	0.000899066
SH3KBP1	0.000898878
VCPKMT	0.000898326
CPM	0.000897681
CAPZA1	0.000897623
HGSNAT	0.000897484
EPHA4	0.000897375
TRAPPC5	0.000896941
MAX	0.000896799
TMEM258	0.000896565
TMEM126A	0.000896474
PJVK	0.000895357
POC1B	0.000895284
XPA	0.000895053
CD99	0.000895001
CORO2A	0.00089479
SLC25A28	0.000894745
MSRB3	0.000894012
STEAP1	0.000893794
KCTD5	0.000893411
CLTA	0.000893364
BHLHE40	0.000892653
PYCR3	0.000891861
KPNA4	0.000891766
SRPRA	0.000891602
AMOTL1	0.000890319
TBL2	0.000889802
NDUFV2	0.000889619
SDF2L1	0.000889005
LTV1	0.000888984
DDAH2	0.000888842
SLC31A1	0.000888575
SDHAF2	0.000887742
UBA52	0.000886984
INO80C	0.000886785
PPFIA1	0.000886035
FBH1	0.000885618
APP	0.000885446
CREBL2	0.000885057
MRS2	0.000884529
SLC6A1	0.000883429
CD47	0.000883291
DENND6B	0.000883037
RAB33B	0.000882767
RNF145	0.000882097
UQCC1	0.000881877
UROD	0.000881809
ALCAM	0.000881684
PSMB4	0.000881196
XIAP	0.000880875
VAMP3	0.000880642
JMJD1C	0.000880242
SEC14L1	0.000879394
SLC2A13	0.000879316
EMILIN3	0.000879025
PNO1	0.000878479
ZNF30	0.000878369
MYO15A	0.000877913
ESCO1	0.000877226
RBM4	0.000877062
LRRC3B	0.000876985
PNPLA6	0.000876942
RDX	0.000876634
FBXW5	0.000874556
ETFA	0.000873742
CANX	0.000871864
FAM227A	0.000871654
FAM151B	0.000871485
EID2	0.000870432
DYNC1I2	0.000870283
MRPL53	0.000870017
HBS1L	0.000869642
MED31	0.00086941
FKBP8	0.000869324
DDX59	0.000868704
CLPTM1	0.000868443
MICOS10	0.000868317
MMADHC	0.000866677
IDS	0.000866505
SPTAN1	0.000866175
GPRASP1	0.000866079
CCDC39	0.00086569
KLF8	0.000865483
XPC	0.000865387
ZNF195	0.000864659
PPIB	0.000864621
BLOC1S6	0.000864555
SLC25A46	0.000864274
MRPL14	0.000864178
UBE2B	0.000863907
DEF8	0.000863206
RESF1	0.000863059
DMWD	0.00086291
CNOT4	0.000862833
ZNF287	0.000862565
L3MBTL1	0.000862134
TIMM10B	0.000862102
PRPS1	0.000862079
PLPP6	0.0008611
ELL	0.000861016
GBA2	0.000860779
TMEM41A	0.000860692
KCTD17	0.000859643
SCPEP1	0.000859535
IL13RA1	0.000859481
BHMT	0.000858072
PFKL	0.000857761
POLI	0.000857666
COX6B2	0.000857664
ID1	0.000857351
RNF19A	0.000857101
CDK20	0.000856921
MAPK3	0.000856877
AMIGO2	0.000856606
STK10	0.000856295
SERPINB5	0.000856105
SEMA4F	0.000855819
RIC8A	0.0008557
RCN2	0.000855198
COPS7A	0.000854885
SETD6	0.000854119
CIB1	0.000853421
PPP2R2A	0.000852048
ZMYND8	0.000851792
B4GALT2	0.000851413
BMT2	0.000850943
RAB6A	0.000850774
COQ10A	0.000850752
IQCJ-SCHIP1	0.000850744
TRIM11	0.000850465
BCAS4	0.000850425
TMEM161A	0.000850394
ACP1	0.000850319
KDSR	0.000850253
PDCD6IP	0.000849981
TYW5	0.000848949
SPHK2	0.000848883
PSD4	0.000848313
KCNMB4	0.000848276
FXYD6-FXYD2	0.000847641
CGGBP1	0.000846299
DYNLRB1	0.000845923
GON4L	0.000845735
SLC26A1	0.000845728
BAK1	0.000845604
PPIL4	0.000845207
SH3BP5	0.000845192
SNX14	0.000844822
AP3M2	0.000844719
PABPC1	0.00084462
PABPC1L	0.000844474
PFN1	0.000843948
LSG1	0.000842789
UTP6	0.000842553
NECAB1	0.000840212
TXNL4A	0.000839087
CDK5R1	0.000838704
C6orf47	0.00083831
ECHDC2	0.000837925
PPP1R16A	0.000837741
IFNAR1	0.000837218
GLCCI1	0.000836724
PLEKHH3	0.000835807
AMER2	0.000835284
LARP4	0.00083498
JMJD8	0.000834611
COPB2	0.000834128
RAB8B	0.000833417
SAR1B	0.000833369
ZNF408	0.000833153
DTX3L	0.000832898
CDC42EP5	0.000832474
TCAIM	0.000831578
ACOT9	0.000831044
AKTIP	0.000830627
EEF1G	0.000830062
ANKRD39	0.000830005
TCTN3	0.000829742
DDX47	0.000828955
PITHD1	0.000828398
DIS3	0.000828107
TAOK3	0.000827672
CACUL1	0.000825834
CHRNB1	0.000825388
DNAJC30	0.00082398
LAMTOR2	0.000823206
ERVK3-1	0.000822222
SNRNP70	0.000822207
FBXO17	0.000821901
ZCCHC24	0.000821169
ZFP28	0.000819814
ZNF146	0.000819234
EPAS1	0.000818216
PIBF1	0.000818213
CER1	0.000818164
YWHAB	0.000818019
PLEK2	0.000817906
PAM16	0.000817675
DTD2	0.000816578
PLEKHM1	0.00081651
CLIP3	0.000816242
PDGFRB	0.000816118
MAPKBP1	0.000815491
CAPG	0.000815481
NDUFC1	0.000814495
ZBTB33	0.000814219
PI4K2A	0.000813465
MRPS12	0.000813047
ANKRD52	0.000812901
DDX5	0.000812453
ZNF576	0.000812118
ACO2	0.000812007
WBP2	0.000811947
WNK3	0.000810989
BRDT	0.000809582
KLF16	0.000809355
LAMB1	0.000808137
KCNJ3	0.000807971
IVNS1ABP	0.000806882
ANAPC5	0.000806741
SLC16A1	0.0008054
KLHL18	0.000805351
PRDX5	0.000805168
SNX3	0.000805011
ELOF1	0.000804344
SLC22A5	0.000804292
FAM32A	0.000804131
HAGHL	0.000803377
PASD1	0.000803377
THAP2	0.000802802
INPP5F	0.00080277
IGF1	0.000802236
UVRAG	0.000800617
IQCE	0.000800265
ANKRD10	0.000800091
RUFY1	0.00079986
CBX6	0.000799099
COPS2	0.000798835
ZNF814	0.000798529
DNAJB1	0.000797905
ATG101	0.000797777
C3orf70	0.000796221
CCDC115	0.000796126
VPS50	0.000795528
ADPRM	0.000794561
SLC25A16	0.00079301
ADPGK	0.000792743
RIOK2	0.000792401
ZNF791	0.000791796
ANKIB1	0.000791788
PTEN	0.000791135
CCNG2	0.000790967
COMT	0.00079096
PFN2	0.00079062
CASD1	0.000790489
NHLRC3	0.00078898
CRELD2	0.000788491
SCRN1	0.000787733
TSPAN5	0.000787412
LMTK3	0.000786649
PSEN1	0.000785807
OGA	0.000785301
GDPGP1	0.000785175
ESS2	0.000784843
SYT14	0.000784825
DCTN6	0.000784458
EPHB1	0.000784192
CNST	0.000784175
TPD52L1	0.000784055
PCDHB12	0.000783967
DDB2	0.00078374
MKNK1	0.000783713
MTCH2	0.000783595
SLC9B1	0.000783173
HDAC11	0.000782571
CASP7	0.000780202
DYNC2LI1	0.000779765
GAGE13	0.000779498
CCT8	0.000779303
AMFR	0.00077845
VASH1	0.000777816
NR2F6	0.000777686
MEST	0.000776926
STARD7	0.000776411
ZNF718	0.000775382
TBCK	0.00077508
PDLIM2	0.000775028
RAB24	0.00077349
ABRACL	0.000772949
ZNF611	0.000771562
ENTR1	0.000771269
NDUFV3	0.000771242
KIAA0930	0.000771221
SYTL4	0.000771149
ATP10D	0.000771063
HPS1	0.000770888
IL6ST	0.000770216
GAGE12D	0.000769763
BICD2	0.000769761
DNAJA1	0.000769451
GALNT10	0.000769092
WDR45	0.000769021
ABHD2	0.000768429
RCHY1	0.00076789
PGF	0.000767326
MAP4K5	0.000766508
TRIM13	0.000766461
NRARP	0.000765331
TBC1D3C	0.000765149
FGFR1OP2	0.000765
RNF13	0.000764716
SLC25A14	0.000764251
NF2	0.000763979
ANXA4	0.000761306
ZDHHC20	0.000761232
TXNDC12	0.000760728
ADAM17	0.000759751
NDRG4	0.000759729
GTF3C6	0.00075934
TEX264	0.000759277
MFSD8	0.000758747
RAB3GAP2	0.000758226
HDAC1	0.000757943
NLK	0.000757438
PDLIM5	0.000756764
GNL2	0.000755511
CDYL2	0.000754902
ZCCHC10	0.000754509
NOP10	0.000753783
LMAN2	0.000753167
RPRD1A	0.000753158
ZNF302	0.000752918
POFUT1	0.000752832
FIS1	0.000752796
UNC50	0.000752728
PYGL	0.000752608
AP5M1	0.000752592
SNX2	0.000752582
CYP4F2	0.000751877
NXPH2	0.000751468
NPAS2	0.000751312
ASB6	0.000751147
CHMP4A	0.000750909
FCHO1	0.000750424
ITGA6	0.000749493
SPSB2	0.000748873
PEX11A	0.000748814
MAST1	0.000748533
PTGS1	0.000747617
RING1	0.000747314
FLAD1	0.000747134
PTAR1	0.000747042
PIGL	0.000746328
FMN2	0.000745717
GDPD5	0.000745659
WDR20	0.000745555
FMNL2	0.000744748
SLC41A1	0.000744576
SQOR	0.000743861
STOM	0.000743844
ALS2	0.000743485
MLF2	0.000743373
C11orf24	0.000743234
TRMT10C	0.000743112
MRPL21	0.00074302
TBC1D3G	0.000742987
BAZ2B	0.000742244
VAV3	0.000741186
TBC1D3H	0.000739297
ZNF354B	0.000739272
TMX1	0.000739168
PSMA2	0.000739055
IKBKE	0.000738382
PPM1F	0.000738372
PYCR2	0.000738237
PET117	0.00073789
TRIM3	0.000737491
EMC4	0.000736893
ZC3H8	0.000736034
PPY	0.00073483
RBM4B	0.000733586
HOMER1	0.000733375
CAPZB	0.00073336
CCNH	0.000733358
MTLN	0.000733223
TMEM51	0.000733112
EMILIN2	0.000732994
EXOC3L4	0.000732468
TMEM260	0.000732299
CCDC103	0.000732119
FAM13B	0.000731755
YTHDC2	0.000731608
CCDC28B	0.000730067
AP1G2	0.000729705
MITD1	0.000729279
TAX1BP3	0.000729232
MIA2	0.000729218
ERCC5	0.000728924
DNM1L	0.000728052
ACTR6	0.000727395
TAF11	0.000726866
KIAA1549	0.000726606
NFKBIA	0.000726394
MAN1A2	0.000726377
DAP	0.000726192
HES4	0.000725889
ARCN1	0.000725476
ANKRD9	0.000725146
THSD1	0.000724668
TECPR1	0.000724375
BTG1	0.000723976
GLT8D2	0.000723543
TSPAN14	0.000722508
CDKL2	0.000722284
TBXA2R	0.00072123
CDC42BPA	0.000720578
HLTF	0.000720518
MSL1	0.000718491
AVL9	0.000718339
ORAI3	0.000717846
SNX11	0.000717464
EAPP	0.000716764
ANXA7	0.000716378
TMEM106B	0.000716365
SUPT4H1	0.000715928
RNF31	0.00071564
ATP13A3	0.000715286
TMEM107	0.000715077
TOMM20	0.000714966
GSS	0.00071462
GON7	0.000714388
ZBTB7A	0.000714161
ST7L	0.00071326
TBC1D8	0.000713162
MDH2	0.000712293
DLD	0.000712034
SLC35D2	0.000711723
GTPBP4	0.000711094
CALCOCO2	0.000711027
CCDC107	0.000710507
HBB	0.000710438
ZNF514	0.000710113
CYP2R1	0.000710027
ZNF134	0.000709941
SEM1	0.000709856
LMBRD1	0.000707661
PIDD1	0.000706618
SEMA5A	0.000706443
ME3	0.000706323
PEX13	0.000706038
NEK6	0.000705978
PHKG2	0.000705852
RAB21	0.000705594
SLC30A3	0.000705452
RBM25	0.000703568
SIK2	0.000702926
GLTP	0.000702749
MRPS33	0.000702571
SHROOM1	0.00070241
NSRP1	0.000702373
CRLS1	0.000702028
TMEM108	0.000701963
CASP4	0.000701358
XPR1	0.000700869
TRIM66	0.000700724
ALKBH5	0.000699585
NXPE3	0.000699526
CSAG3	0.000699297
DGCR2	0.000699221
CREBZF	0.000699083
ETFBKMT	0.000698904
ZNF524	0.000698788
PRAF2	0.000698177
GPR107	0.00069799
AUP1	0.000696914
ADI1	0.000696731
ABHD13	0.000696655
TWSG1	0.000696093
ABITRAM	0.000695784
B4GALT1	0.00069572
OGFOD3	0.000695669
AKT1	0.000695166
STX1B	0.000695142
ARMC10	0.000695099
LDOC1	0.000694861
URGCP	0.000694822
STARD13	0.000694388
UBE2Q2	0.000693672
CASP8	0.000693283
BDP1	0.000692909
ACIN1	0.000692901
P2RY2	0.000692407
AKR1A1	0.000692318
BRMS1	0.000692217
ZNF181	0.000691085
RPF1	0.000690557
SRPK2	0.000690135
GPR89B	0.000689471
MAP4K2	0.000689393
PDE6B	0.000689373
FCRLB	0.00068911
GPATCH2L	0.000689036
USP38	0.000688643
WBP1L	0.000688392
UAP1L1	0.000688296
VAMP4	0.000688254
PDCD6	0.000687999
ARPC2	0.000687816
SSH2	0.000687767
R3HDM4	0.000687452
SON	0.000686621
DECR1	0.000686525
PRUNE2	0.000685751
FBXO31	0.000685461
KPNA5	0.000685262
TANK	0.000685067
PALLD	0.000684713
WDR43	0.000684584
ARHGAP40	0.000683993
TMEM87A	0.000683349
VAMP1	0.000682755
DBN1	0.000682353
LAMTOR3	0.000682134
CAB39L	0.00068142
ZFYVE16	0.000681365
NDST1	0.000681123
RAB7A	0.000681057
TMEM248	0.000680665
SUPT7L	0.000680602
LYPD2	0.000680388
PDE8A	0.000679915
CTNNA1	0.000679884
SYS1	0.000679373
STRIP1	0.000679138
PNPLA4	0.00067908
PIGT	0.000678872
CYB561A3	0.000678207
PSMA1	0.000678142
NHLRC1	0.000677505
ATP5F1C	0.000677465
SERF1A	0.000677395
PKN2	0.000677347
GALNT7	0.00067731
CCDC120	0.000677169
TOR4A	0.000677011
PLA2G6	0.000676458
DST	0.000676256
TPI1	0.000675968
DCUN1D1	0.000675302
TMEM141	0.000675216
SPRTN	0.000674505
RAPGEF2	0.000673667
PRELID3A	0.000673076
PPAN-P2RY11	0.000672053
CCDC43	0.000671548
PSMD14	0.000671518
SLC25A44	0.000671047
SYNJ2BP-COX16	0.000670382
ZC3H15	0.000670119
S100A11	0.000669813
SERF1B	0.000669146
PRSS8	0.000668745
SGTB	0.000668594
ZNF324	0.000667433
APC	0.000666791
ATF7IP	0.000666717
PSMA6	0.000666384
OTUD3	0.00066624
STYXL1	0.000666083
SLC6A11	0.00066546
SNPH	0.0006651
VPS33B	0.000664479
TSPAN4	0.000664319
GTPBP2	0.000664077
PLD1	0.000664008
UPF3A	0.000663447
CACNA2D1	0.000662933
DCAF13	0.000662695
RHOT2	0.000662673
RNF113A	0.000662592
SDHB	0.000662508
HSH2D	0.000662416
MCC	0.00066221
EIF3G	0.000661869
HEMK1	0.000661392
LRRC27	0.00066114
ETNK1	0.000660971
MTX1	0.000660747
PTCD3	0.000660492
BAG1	0.000660392
M6PR	0.000660285
TFG	0.000659959
PRPF6	0.000659577
ZNF133	0.000659169
ZNF800	0.000657906
HOXB5	0.000656745
USP47	0.000656682
ID3	0.000656623
FAU	0.000655562
ZBTB9	0.000655225
SLC7A6	0.000654744
DMAC1	0.0006542
PNN	0.000654178
ADO	0.000653931
FPGT	0.000653768
WIPI2	0.000653626
FBXO38	0.000652558
MAN2A2	0.0006524
ZNF597	0.00065202
SMG5	0.000651835
FKBP15	0.0006508
PDCD1LG2	0.000650782
PI4KB	0.000650711
PDE1A	0.000650704
ADD3	0.000649247
NOS1	0.000648761
ATP6V1B2	0.000648639
DDX17	0.000648465
CCDC124	0.000646257
ASB3	0.000646229
GPR89A	0.000645762
ARL15	0.000645592
DOC2A	0.0006442
CWC15	0.000644141
JAM3	0.000644039
MLPH	0.000644008
RPE	0.000643634
BET1L	0.000642557
CCDC7	0.000642382
SPPL2A	0.000642208
SLK	0.000642057
MFSD4B	0.00064131
CHUK	0.000641304
TAB3	0.000639943
HOXA11	0.000638552
TBC1D3L	0.000638333
SCAMP2	0.000638229
SPATS2	0.000637907
RTF2	0.000637546
S100A6	0.00063709
C16orf87	0.000636923
AAMP	0.000636294
ZDHHC17	0.000636157
PIGK	0.000635222
ALKBH7	0.000634882
TMEM63A	0.000634409
VSIR	0.000633629
PRCP	0.000633536
FNBP4	0.000632918
PCBD2	0.000632289
RNF34	0.000632279
NGRN	0.000632112
SGK1	0.000632012
PIN1	0.000631706
LMBR1	0.000631619
CAMK2D	0.000631575
SNAPC5	0.000631278
TMEM184C	0.000630386
SYBU	0.000630383
TVP23C-CDRT4	0.000630236
ZNF37A	0.000630152
IMPACT	0.000629677
FBXO33	0.000629529
TCTN1	0.000629519
TAOK1	0.000628609
CBLB	0.000628382
SLC25A22	0.000628261
RILPL1	0.00062778
LAMTOR4	0.00062684
WNK1	0.000626624
DCAF17	0.000626532
UBE2V2	0.000626391
GATAD1	0.000626226
ZNF561	0.00062621
GRAMD2A	0.000626197
RBM6	0.000625773
ZNF350	0.000625373
KIF26A	0.000624887
ASCC2	0.000624673
TMX2	0.000624592
MTFR1L	0.000624418
SLC25A38	0.000624362
SLC49A4	0.000623897
MPHOSPH10	0.000623143
SPHK1	0.000622274
EIF2S2	0.000622228
MYL2	0.000621995
CDC123	0.000621578
ESYT2	0.000621444
GLI4	0.000621176
POU2F2	0.000621108
KRTAP19-1	0.000621037
MOV10	0.000620663
CRYBA2	0.000620443
CDC40	0.000619441
CCDC126	0.000619381
FYCO1	0.000619084
ZNF764	0.000618998
PLAA	0.000618962
JTB	0.000618948
PUS3	0.000618883
MIXL1	0.000618709
SGPP1	0.000618194
TIMM13	0.000617991
PNRC2	0.000616955
PLXND1	0.000616612
ITSN2	0.000614814
TBC1D10A	0.000614066
CHMP2B	0.000614028
NDUFB5	0.000613028
PIP4P1	0.000612981
PPP4R2	0.000612803
FAM200A	0.000612646
CHD9	0.000612409
TBC1D9B	0.000612078
HOXB6	0.000611744
KIFC3	0.000611253
TP53I11	0.000610819
SCARB2	0.000609632
POLM	0.00060957
AP3D1	0.000608943
TOGARAM1	0.000607971
BMF	0.00060742
ADAM32	0.000606874
ZNF549	0.000606204
GGCT	0.000605204
RGS17	0.00060505
SPOUT1	0.000604811
PACSIN3	0.000604731
A4GALT	0.00060423
PGS1	0.000603991
SNX16	0.000603895
SIPA1L3	0.000603521
ZNF700	0.00060056
YBX3	0.000600264
TIMM23B	0.000599096
SLC5A2	0.000598881
ZHX1	0.000598403
CEP170B	0.000598004
NAP1L5	0.000596073
MESD	0.00059571
TMED6	0.00059556
EVPL	0.000595014
SSNA1	0.000594768
EFNA4	0.000593595
RNASEH2C	0.000592645
HIC1	0.000592408
SCNM1	0.000592383
SLC5A7	0.000591707
ZSCAN20	0.00059158
FDXACB1	0.00059025
ALDH18A1	0.000589579
CYBC1	0.000589306
MED15	0.000588986
WDR44	0.000588811
HNRNPH2	0.00058805
CALU	0.000587421
SUMO1	0.000587406
RABEP1	0.000586963
TADA2B	0.000586915
DNAL4	0.000585537
ZCCHC4	0.00058547
TMEM140	0.000585433
SPTLC1	0.000585421
TOM1	0.000585057
TRAPPC2L	0.000584336
KCTD21	0.000583886
ZNF229	0.000583099
BCL6	0.000582777
CHD1L	0.000581165
EIF3J	0.000580587
SEC63	0.000580392
BZW1	0.000580186
GAB2	0.000579467
TMEM38B	0.000578983
BTG3	0.000578921
ATG7	0.000578846
CHD1	0.000578571
ZER1	0.000578333
BLOC1S3	0.000577463
EGFL8	0.000577125
CAPN2	0.000576362
SSU72	0.000575919
APOBEC3C	0.000575311
RAB5IF	0.000573615
GRHL1	0.000573338
UNC45A	0.000572797
CUL5	0.000572216
TULP4	0.000571771
CARD10	0.000571734
SPATA2L	0.000571222
ABLIM3	0.000571178
ZNF2	0.000571043
GPC1	0.000570786
HAP1	0.000570004
CCDC32	0.000569966
CCDC102B	0.000569415
KATNAL2	0.000568588
TRMT1	0.000568549
RIPK4	0.00056854
AGPAT1	0.00056841
CCM2	0.000568288
BBS12	0.000567911
PARD6G	0.000567392
TSEN34	0.000567114
HSPA9	0.000566482
ITGB5	0.000566329
TMEM14A	0.000566167
RPP25L	0.000566033
BCAS2	0.00056557
MAP2K1	0.000565356
PPP4C	0.000564089
ARL5A	0.000563979
FBXW11	0.000562041
CCDC110	0.000561548
TLE2	0.000561512
ZBTB42	0.000561456
NFATC1	0.000560864
GCH1	0.000560851
COX7B	0.000560487
TXNDC5	0.00055977
ANPEP	0.000559363
SWSAP1	0.000558762
ZMAT2	0.000558686
C11orf98	0.000558594
GHITM	0.000557601
KIF16B	0.0005568
ACYP1	0.000556338
AIMP1	0.000556241
PGAP2	0.000556168
AGTPBP1	0.000556168
STT3B	0.000555507
CSNK1D	0.000554824
NDUFS8	0.000554571
DCTN5	0.000553698
PPP1R18	0.000553611
RBAK	0.000553529
TMEM39A	0.000552853
GNL3	0.000552849
ZNF875	0.00055242
PSME4	0.000552354
TRIP12	0.000551527
EFHD2	0.00055148
EXOG	0.000551256
RNF130	0.000550431
NR1H2	0.000550224
SNAP29	0.000550194
PKN1	0.000549635
USP48	0.000549589
FKBP1B	0.000549437
EPM2A	0.000548789
APOC2	0.000548005
LIPT1	0.000547958
NAP1L4	0.00054776
DPM1	0.000547498
MOSPD2	0.000547335
ANO9	0.000547304
ZNF277	0.000547167
C22orf15	0.000545684
ARMC6	0.000545234
ACSL1	0.000543939
PDHA1	0.000542527
VPS45	0.000541128
EGLN2	0.000541082
KPNA1	0.000540937
ERCC1	0.00054013
OGDH	0.000539753
INPP4A	0.000539517
ZNF436	0.000538602
CIR1	0.000538419
ZNF354A	0.000538136
HEXIM1	0.000537921
R3HCC1L	0.000537839
ARIH1	0.00053765
ATP5MC1	0.000537277
ZNF566	0.000537168
HORMAD2	0.000536716
ZNF274	0.000536073
PIGM	0.000535999
MTRF1L	0.000534992
PET100	0.000534978
CLP1	0.000534856
SYNJ1	0.00053476
STX18	0.000534732
TK2	0.000534295
KBTBD3	0.000534127
NDUFAF1	0.00053389
MRPL52	0.000533029
XRN1	0.000532217
EIF2B3	0.000531251
RAB22A	0.000531075
HINFP	0.000530995
DPP3	0.000530247
SP8	0.000530078
SMURF1	0.000528852
STIM1	0.00052691
NBPF20	0.000526854
AP1G1	0.000525848
HMG20A	0.000525238
NR2C1	0.000524239
ACAP2	0.000524179
RTL8C	0.000524178
HACL1	0.000524126
RB1CC1	0.000521859
PRKAA2	0.00052121
MRPL4	0.000520737
GSDMB	0.000520321
VPS37C	0.000520076
EIF1AX	0.000519326
GRAMD1A	0.000519318
UBA5	0.000519234
STAU2	0.00051809
PCDH9	0.000517822
TOP1	0.000517786
WDFY1	0.000517495
ZNF430	0.000517321
MIER3	0.000516168
FAM3A	0.000516013
OXSR1	0.000515937
FAM216A	0.000515457
WDR1	0.000514397
MUCL1	0.00051406
SLC25A53	0.000513789
PLXNB2	0.000513581
SLC22A18	0.000513325
SNRK	0.000513101
SNU13	0.000512912
METTL6	0.000512452
TUBA4A	0.000512376
POLR3C	0.000511764
FAM25A	0.000511101
P4HTM	0.000510669
CBX3	0.000510609
STRADB	0.000510012
AKT1S1	0.000509709
GTF2H4	0.000509629
RANBP2	0.000509612
TIGD6	0.000508829
HOXD4	0.000508671
USP46	0.00050839
NUDT4B	0.000507824
GID4	0.00050765
WDR77	0.00050654
NOCT	0.000506007
GTF3C1	0.000505999
PURB	0.000505432
REXO4	0.000505207
CARF	0.000505159
RBM45	0.000505011
MANF	0.000504924
MTRF1	0.000504166
RAB6C	0.000502948
BNIP2	0.000502819
NTPCR	0.000502135
RAD9A	0.000502056
SLC35G1	0.000502017
PPM1A	0.000501737
TECPR2	0.000501544
VPS13A	0.000500368
ATMIN	0.000500173
ULK3	0.000500015
CAMK2G	0.000498783
PDZD11	0.000498737
GAPDH	0.000498656
ITCH	0.000498436
ARL16	0.000498419
CHST14	0.000497662
B3GAT1	0.000497268
SLC39A3	0.000497088
GAREM1	0.000496993
RABIF	0.000496899
ABHD6	0.000496669
CINP	0.000496415
CCZ1B	0.000496393
TMEM230	0.000496355
GCC1	0.000495288
ZPR1	0.000495193
PRKX	0.000494923
UBE2V1	0.000494892
TASOR2	0.00049483
ZNF23	0.00049418
BAG3	0.000494051
PARL	0.000493827
COLGALT1	0.000493629
SMAD7	0.000492827
SLIRP	0.000492356
FBXO28	0.000491479
STARD3	0.000491079
NDUFA4	0.000490838
LRBA	0.00048933
TMEM117	0.000489279
RWDD4	0.000488394
SCYL2	0.000488267
NDUFS2	0.000488255
HS1BP3	0.000487947
TTN	0.000487576
CTNNBIP1	0.000487516
MOCS2	0.000487388
ALDH9A1	0.000486748
PIP5K1C	0.000486308
GNPDA2	0.000486055
CRCP	0.000486024
LYPLA1	0.000485797
RAMAC	0.000485569
TOPORS	0.000485475
HSPA13	0.000484586
LNPEP	0.00048442
FAM193B	0.000483419
SF3B6	0.000483298
EIF4E	0.000481971
SNX13	0.000481932
HSCB	0.000481328
ZEB1	0.000481319
ZNF219	0.000481053
FASTKD1	0.000481047
GORASP2	0.000477929
ARHGEF9	0.000476428
MYO18A	0.000476158
UGP2	0.000475515
LYRM7	0.000474804
REG4	0.000474791
FAM53C	0.00047381
CCDC40	0.000473763
OVOL1	0.00047375
B9D2	0.000473694
ZSCAN30	0.000472919
TARBP1	0.000472564
MORC3	0.000472027
DNAJC7	0.000472018
LRRC26	0.000471393
POLR3F	0.000470479
ATP7A	0.000470413
TPCN1	0.000470229
CSTB	0.000469976
DYNLL2	0.000469705
AZI2	0.000469247
ZNF329	0.000469055
ZNF570	0.000469044
HDAC8	0.0004689
ADCY2	0.000468635
ZNF14	0.000468541
GALT	0.000467578
PDZRN3	0.000467368
MRPL34	0.000467205
SNRPD3	0.00046614
TRIM35	0.000465867
RASA3	0.000465264
SGSM1	0.00046524
F13B	0.000465151
SMIM30	0.000465106
MCCC1	0.000464985
LYRM2	0.000464598
WSB2	0.000463973
CETN2	0.000462829
PSMA5	0.000462769
ZNF263	0.000462459
KLHL7	0.000461836
ZBTB1	0.000461545
FAM241A	0.000461454
YME1L1	0.000460906
KLHDC8B	0.000459735
CORO7-PAM16	0.000459406
GNB1	0.000458654
GMPPA	0.000458631
GOLGA8N	0.000457959
MGRN1	0.000457802
FKBP3	0.0004576
EFR3A	0.000457516
MIB1	0.000456546
RPAP3	0.000456184
HSP90AA1	0.000456123
NISCH	0.000455377
STAMBP	0.000454489
CHID1	0.000453611
SCAMP3	0.000453585
KLHDC4	0.000453156
ZDBF2	0.000453067
VCP	0.000452929
PXN	0.000452741
UBAC2	0.000452738
TBC1D16	0.000451361
RBMS1	0.000450971
PIK3R1	0.000450755
CCDC88A	0.000449969
KIF9	0.000449432
TUBGCP6	0.000449224
SLC6A8	0.000449027
LRP1	0.000449014
WTAP	0.000448613
NANS	0.000448363
PCNP	0.000448309
RGPD5	0.000448227
GLB1L2	0.000448019
TRIM56	0.000447846
CNTNAP3	0.000447274
ADGRB2	0.000445349
PPP3R1	0.000445017
TINAGL1	0.00044462
BBS2	0.000444398
GIT1	0.000443685
MAP6	0.000443338
IST1	0.000443033
PDE7B	0.000442923
CSDC2	0.000442467
PLEKHA4	0.000442319
PTPN4	0.000442195
SRP9	0.000442161
CHM	0.000441587
RAB25	0.000440974
VAMP7	0.000440435
TRIM62	0.000440272
CDHR3	0.000440254
BCDIN3D	0.000439913
SEC61A2	0.0004395
HEG1	0.000439151
PPFIA3	0.000438883
TOB2	0.000438461
ZNF75D	0.000438314
C1orf43	0.000438205
VTI1A	0.000438068
MAEA	0.000437956
CHD2	0.000437898
ZNF567	0.000437724
CLNS1A	0.000437561
URI1	0.000437123
GSPT1	0.000435795
SELENOI	0.000435541
TBC1D24	0.000435282
PSMC4	0.000435273
SMAP1	0.000435061
JMJD4	0.000434844
ETV1	0.000434181
DCTN3	0.000433981
RCBTB2	0.000433827
DUSP11	0.000433806
JAKMIP3	0.000433491
CCT3	0.00043342
KCNMB3	0.000433209
TBC1D17	0.000432497
TMEM50A	0.000430769
MAGEA11	0.00043056
CDC73	0.000430362
WDR37	0.000429883
CT45A1	0.000429569
TMEM185B	0.000429137
DCUN1D4	0.000428736
UBE2E2	0.000428469
TMEM161B	0.000427919
RNF7	0.000425427
TRIP10	0.000425384
MAPK8IP3	0.000425057
NOSIP	0.000425041
MRPS28	0.000424842
CDS2	0.000424235
SLC2A1	0.000424205
HSPE1	0.000423056
LSM11	0.00042255
DNAJB5	0.000422
TIA1	0.000420817
PHYKPL	0.000420714
MBTPS1	0.00042004
NICN1	0.000419251
CYP2U1	0.000419205
GET4	0.00041915
LY6G5B	0.000418512
DUSP28	0.000417349
QDPR	0.000417262
CAMTA2	0.000417169
CARD8	0.000417045
PDK3	0.000417003
TENT4B	0.000416766
PPP1R2B	0.000416293
THSD4	0.000415201
CTR9	0.000415063
CLK3	0.000414565
USP34	0.000413748
BRD3OS	0.000413278
RMND5A	0.000413182
RIPK1	0.000412518
IQSEC1	0.000411377
FBXL19	0.000411103
PCDH15	0.000410335
JMJD6	0.000410125
OPA3	0.000409983
MAOB	0.000409233
MED7	0.000408761
OMA1	0.000408706
HABP4	0.000408603
RALGAPB	0.000408279
SLC35B1	0.00040818
UQCR10	0.000408169
MEF2C	0.000407623
SEPSECS	0.000407507
SREK1	0.000407351
DHX32	0.000405803
CAB39	0.00040522
DRG1	0.000404396
MFSD14A	0.000403467
STN1	0.000403444
HNF1B	0.000403443
PDCD2	0.000403358
APBB2	0.000403155
VMA21	0.00040315
BRAP	0.000402731
BBX	0.000402125
HUS1	0.000400487
ROCK1	0.000399679
LDB1	0.000398912
FLNC	0.000398714
HARBI1	0.000398582
PPWD1	0.000398415
KCNH2	0.000398317
CAPN7	0.000398061
MAF	0.000396892
TMEM70	0.000396321
EIF5A2	0.000395519
MFAP3	0.000393918
RBM8A	0.000393582
DYNLT1	0.000393442
COL9A2	0.000393353
SNHG32	0.000392763
LTB4R2	0.000392759
ZC3H7A	0.000392417
MTCH1	0.000392178
POP7	0.000391708
UQCRC2	0.000390072
TRIR	0.000389321
TP53BP1	0.000388881
ELK3	0.000388604
TNNI2	0.00038834
UFL1	0.000388011
PFDN1	0.000387925
TIGD1	0.000387666
SACM1L	0.000387332
METTL3	0.000386693
SSBP4	0.000385821
PAPSS1	0.000385667
TMEM192	0.000385197
SIDT2	0.000385004
LCAT	0.000384667
HSD17B4	0.00038378
C11orf58	0.000383614
SRRT	0.000383549
ATG13	0.000383258
ABHD15	0.000382658
METRNL	0.000382255
MRPL47	0.000380728
PAIP2	0.000380509
PGP	0.000379819
HYPK	0.000379358
CBX4	0.000378877
ZNF283	0.000378529
TMEM67	0.000378364
MRFAP1L1	0.000378134
TMEM33	0.000378086
SCAF11	0.000377772
PSMB9	0.000376754
CSRP1	0.00037669
BBS10	0.000376538
PRRC1	0.000375676
USP9X	0.000375463
SENP6	0.000375186
ISG20L2	0.000375122
TRIP11	0.000374355
CD2BP2	0.000373661
PIK3CD	0.000373087
ARFRP1	0.000372502
GDI2	0.000371944
PPIP5K2	0.000371875
TPR	0.000369297
VPS37B	0.000369134
CUL4B	0.000369003
TGDS	0.000368795
MSANTD3	0.000368728
ENY2	0.000368593
RTRAF	0.000366908
ZNF230	0.000366896
FNDC10	0.000366406
GALK1	0.000365504
BAHD1	0.000364614
HSF2BP	0.000364169
TSPYL1	0.000362556
ZNF189	0.000362481
SNRNP25	0.000362132
ADCK1	0.000361835
KLHL5	0.000361822
CENPS-CORT	0.000361779
CEP85L	0.00036166
PSME1	0.000361095
ORAI1	0.000360036
NOP9	0.000359646
PPFIA4	0.000359613
ATP5MG	0.000358653
ISOC2	0.000358646
MGAT2	0.000358216
PSMA7	0.000358
CA3	0.000357948
TIAL1	0.000357741
RIC8B	0.000357559
SHTN1	0.000357052
ELOA	0.000356954
CDK11A	0.000356882
ZNF771	0.000356753
SLC50A1	0.000356696
SAMHD1	0.000356427
SIRT2	0.000356403
OGFRL1	0.000355878
OSBP	0.000355817
PNMA1	0.000355588
MYORG	0.000355568
ETV3	0.000355552
ISX	0.000354881
MMD	0.000354328
SLC25A39	0.000354072
ZSWIM7	0.00035392
CDK17	0.000353403
NAPEPLD	0.000353395
ZNF197	0.000353156
PEX6	0.00035289
KDM2A	0.000352824
SEC13	0.000352765
ZFP90	0.000352549
RRP15	0.000351858
TAF12	0.000351399
REX1BD	0.000351245
PLGLB1	0.000350757
TPCN2	0.000350436
RSAD1	0.000350035
AP1S2	0.00034987
CC2D1B	0.000349691
CCNT1	0.000349327
MAP2K2	0.000348273
ZMIZ2	0.000348194
ZNF787	0.000348192
ARFGEF2	0.00034767
IER2	0.000347132
FAM172A	0.000346775
ZMYND15	0.000346335
TMEM242	0.000345681
PLEKHA3	0.000345676
LTA4H	0.000345554
UBR1	0.000344584
NOL6	0.000344549
CNIH1	0.000344524
UEVLD	0.000344428
FADD	0.000343859
LBP	0.00034118
RAB4B-EGLN2	0.000340953
PARK7	0.00033999
PSME3	0.000339958
PCF11	0.000338929
ZNF443	0.000338701
GOSR1	0.000338106
HMGXB3	0.000337454
COMMD3	0.000337448
MFAP1	0.000337295
PDGFA	0.000337219
RAB14	0.000337064
CLIC1	0.000337035
TM7SF2	0.000336313
DOLK	0.000336266
MFSD2A	0.000336258
FAM24B	0.000336028
PSMB1	0.000335817
RETREG3	0.000335806
ARFIP1	0.000335457
RHOT1	0.00033375
KIAA0319	0.000333748
NUDT4	0.000332796
ZNF286A	0.000332521
SLC30A5	0.000332246
STXBP2	0.000332135
RBM39	0.000331845
NTM	0.000331581
WAC	0.000330911
NAA35	0.000329945
MPV17	0.00032982
UBE2K	0.000329282
ACVR2A	0.000329274
TRIM17	0.000327139
C12orf57	0.000327057
SSH1	0.000327041
DDHD1	0.000327032
RITA1	0.000326727
GALE	0.00032672
EXTL3	0.000326286
NDUFB6	0.000326109
REPIN1	0.000326068
CAVIN2	0.000326027
WDR11	0.000325341
DENND5A	0.000325319
L3MBTL3	0.000324918
DCTN4	0.000324638
NRP2	0.000324025
WDR41	0.000323256
NKAPD1	0.000322428
EXD2	0.000321889
ZNF45	0.000321392
GOLGA8R	0.000321353
COX6B1	0.000321232
ATP5F1B	0.000321023
ZNF502	0.000320809
KMT5B	0.000320735
COPZ2	0.000319904
KIAA1586	0.000319818
GPN2	0.00031979
PUM1	0.000319459
NAAA	0.000319303
MPDU1	0.000319021
NDUFV1	0.000318859
SLC20A2	0.000318783
AHDC1	0.000318728
KLHL12	0.000318467
ADGRE5	0.000318326
ZNF35	0.000317512
ARHGAP10	0.000317105
MTF2	0.000316603
PACSIN2	0.000315837
CALM1	0.000315684
ZFYVE19	0.000315589
OFD1	0.000315465
ZSCAN21	0.000315258
WDR81	0.000314935
FXR1	0.00031265
RNF40	0.000312464
ARHGEF12	0.000310387
GNG12	0.000310101
SETD4	0.000309829
MAPKAP1	0.000309701
SLTM	0.000309546
RASA2	0.000309468
NBEA	0.000309241
EXOSC1	0.000309125
NACC1	0.000308411
MPI	0.000307988
SAFB2	0.000307816
C1orf131	0.000307716
MPHOSPH8	0.000307669
RAP1A	0.000307469
ZNF326	0.000307425
NOC2L	0.000306678
CBY1	0.000306203
CEP112	0.000305851
PPARGC1A	0.000305615
NOL7	0.000305535
DNAL1	0.000305467
GOLPH3	0.000305142
BAG6	0.000305027
FABP1	0.00030491
FAM118A	0.000303843
ADRM1	0.000303369
N4BP3	0.000303273
NUDT5	0.000302827
LZTS2	0.000302797
ZNF131	0.00030267
AIG1	0.000302529
LDHA	0.000302205
SLC9A8	0.000301536
C22orf23	0.000301518
HSBP1	0.000301169
ATP5PB	0.000300979
TDRKH	0.000300687
ZNF766	0.000300364
CHCHD1	0.000300131
BFAR	0.000298664
PSMC2	0.000298465
FUT11	0.00029838
MDH1	0.000298357
SYMPK	0.000297882
LRRC14	0.000297726
RMDN1	0.000297636
SRD5A1	0.000296945
CCL22	0.000296611
UBE2F	0.000296486
PDCD10	0.000296431
UBXN6	0.000296362
SRRM2	0.000296334
CCSER2	0.000295861
ZNF782	0.000295787
TYK2	0.000295627
ABHD17B	0.00029527
SFXN5	0.000294261
MINDY2	0.000294111
COPG1	0.000293748
WDR89	0.000293426
NALCN	0.000293372
VEGFB	0.000292854
WDR6	0.000292513
SEC22A	0.000292441
MEA1	0.000291673
ZFAND5	0.00029147
DPH2	0.000291135
BOP1	0.000291091
KIN	0.000289982
OAT	0.000288973
FBXO25	0.000288685
CHRNA7	0.000287888
ARSK	0.000287231
FAM167A	0.00028666
CUL7	0.000285557
TMEM231	0.000285133
CEACAM7	0.000285003
TTC9C	0.000284556
SSTR1	0.000284507
MAP2K7	0.000284111
CAAP1	0.000284014
TLE5	0.000283664
EHD4	0.000283342
AKAP8	0.000281948
TMEM222	0.000281795
DNM2	0.000281746
LETMD1	0.000281347
FAM114A2	0.00028052
SPINK13	0.000280504
YY2	0.000280405
BTD	0.000280189
SYT11	0.000280016
NDUFB4	0.000279964
NDUFB11	0.000279951
SCAMP4	0.000279926
SDCBP	0.000279745
MPST	0.000279497
SMC5	0.000279376
SINHCAF	0.000278736
PSMC6	0.000278614
INTS12	0.000278429
MAST2	0.000278194
TXNRD2	0.000278104
CCDC82	0.000278074
ENOPH1	0.000276098
SEPHS2	0.00027543
MBD1	0.00027518
MKLN1	0.000274702
BMPR2	0.000274681
KBTBD6	0.000274252
YES1	0.000273554
SLC39A5	0.000272988
SH3RF1	0.000272903
TOMM70	0.000272517
ELF1	0.000271448
MPZL1	0.000271382
CCDC127	0.000271127
WDR33	0.000269578
TOR1AIP1	0.000269568
ZNF382	0.000269325
RANGAP1	0.000268439
ZNF780A	0.000268415
POLB	0.000267982
TMLHE	0.00026713
PPA2	0.000267074
COPS5	0.000266653
CDK13	0.00026654
PRKD3	0.000266036
MLXIP	0.000265313
FCHO2	0.000264971
CMTM7	0.000264371
CDK5RAP3	0.000264066
ZNF555	0.000264003
AVEN	0.000263956
KDM4B	0.000263806
BTAF1	0.000263225
SH3GLB2	0.000262688
HSP90AB1	0.000262573
BAZ1A	0.000262503
MEF2D	0.000262452
CCDC51	0.00026244
ARL2BP	0.00026243
LSM7	0.000262067
LRRFIP2	0.000261176
MED23	0.000260606
MC1R	0.000260459
NAE1	0.000259982
FAM118B	0.00025993
CUTA	0.000259497
MED24	0.000259392
RARS2	0.00025906
TMEM223	0.000259032
TTLL11	0.000258573
AMD1	0.000258168
FASTKD5	0.000257822
MAPK8	0.000257689
SLC47A2	0.000257588
GNAQ	0.000257469
PGBD4	0.000257303
ANO6	0.000257181
CTNND1	0.000257163
DHRS11	0.000257058
NHSL2	0.000256984
PRRT2	0.00025648
DTX3	0.000256166
RAP2B	0.00025609
ZNF646	0.000254676
LMAN2L	0.000254562
ANKRD26	0.000254501
PNMA5	0.000253835
ZNF627	0.000253678
ZFP14	0.000253319
F10	0.000252317
RAP2C	0.000251783
C6orf89	0.000251559
ACTR1B	0.000251429
NCKAP5L	0.000250712
ZNF417	0.000250146
INTS3	0.00025008
BCLAF3	0.00024988
MYO1E	0.000249867
CT45A8	0.000249577
PDK1	0.000249319
ETFDH	0.000248536
ANKRD13C	0.000248253
ENDOG	0.000247986
STRADA	0.000247764
RAB9A	0.000247728
PDXK	0.000247509
C1orf74	0.000245503
PRSS53	0.000245235
PAIP1	0.000245022
CLDN19	0.000244943
EIF2S3	0.000244861
ARPC5	0.000244601
KATNBL1	0.000244175
ZBTB6	0.000243334
ST13	0.000242681
FAM136A	0.000242315
GTF2E2	0.000241845
WDR25	0.000241398
GBP2	0.000241062
TPM3	0.000240458
MTERF4	0.000240105
LUC7L2	0.000239625
ZNF827	0.000239368
SLC25A23	0.000239015
TIMM22	0.000238973
RASA1	0.000238698
SREK1IP1	0.000238446
TTC9	0.000237755
ZNF839	0.000236938
ZKSCAN7	0.000236846
FBXL18	0.000236175
FAM120B	0.000235925
ANKRD17	0.000235084
ENHO	0.000234799
KIF13B	0.000233629
TMEM186	0.000233349
PRXL2B	0.000233012
CCZ1	0.000232412
CNOT8	0.000232221
EZH1	0.000232028
ARHGEF1	0.000231898
ANKRD36C	0.000231799
SMIM15	0.00023135
P2RX2	0.000231246
AKAP11	0.000229577
TPMT	0.000229339
JAML	0.000228772
ALKBH8	0.000228677
RNF4	0.000228502
CHRNA3	0.000227877
ERMP1	0.000227858
ZNF785	0.000227409
SCO1	0.000227159
TMEM170B	0.000226811
LTN1	0.000226178
CD160	0.000225494
NPIPB15	0.000224887
ZNF518B	0.000224406
TMEM185A	0.00022427
IWS1	0.000222853
MYL6B	0.000222793
RDH13	0.000222586
ABCF1	0.000221882
ABCD4	0.000221603
CTSH	0.000220694
PPIL1	0.000219822
PINK1	0.00021961
CUL4A	0.000219506
TRMT10B	0.00021855
ACY1	0.000218317
METTL23	0.000218057
SLC28A3	0.000217176
CD9	0.000216712
MAP7D1	0.000216327
UGGT1	0.000216171
PDZD2	0.00021607
IYD	0.000215601
ANKRD36	0.000215349
PAK1IP1	0.000214972
NUDCD3	0.000213777
ENTPD5	0.000213119
ZKSCAN5	0.000213058
FBXO41	0.000212957
TRIM44	0.000212884
TBC1D7	0.000212875
KMT2C	0.000211242
SESN3	0.000210476
KCTD10	0.000210474
SRSF9	0.00021036
MCTS1	0.000210022
E2F7	0.000209128
RELA	0.000208839
PMS1	0.000208797
PLEKHJ1	0.000207256
ANXA5	0.000207151
NR4A2	0.000206742
CUEDC1	0.000206407
CCNC	0.000206295
RANBP10	0.000205999
ZDHHC7	0.000205686
SCYL1	0.000205595
SBNO1	0.000205421
SMARCA1	0.000205192
FBXL17	0.000205111
DAGLA	0.0002045
ANAPC7	0.000204348
ZDHHC18	0.000204238
SPTY2D1	0.000203708
METTL26	0.000203361
CSNK1G1	0.000202884
CHMP2A	0.000202884
ANAPC16	0.00020279
CCT7	0.000202183
ZNF780B	0.000201853
GMDS	0.000201803
RSRC2	0.000200674
APBB3	0.000199971
TSC22D2	0.000199113
RNF25	0.00019874
ZCCHC9	0.000197838
PSMD13	0.000197593
ZNF668	0.000197307
ANK2	0.000197264
XPO5	0.000197134
TBC1D22A	0.000196721
JPT2	0.000196572
ZNF81	0.000196258
TMEM191B	0.000196148
KRTCAP2	0.000196013
PRPSAP2	0.000195639
TBC1D22B	0.000194999
COL16A1	0.000194414
FGGY	0.000194374
VPS26B	0.000194329
SDHAF4	0.000194015
PARVB	0.000193833
C15orf62	0.000193769
WDR55	0.000193735
RIOX2	0.000193362
ARHGEF7	0.000191773
TBC1D20	0.000191161
CDH2	0.000190527
PPM1J	0.000190297
UCKL1	0.000190208
AREL1	0.000190178
ABCB9	0.000190143
SLC23A2	0.000189189
C2orf76	0.00018905
MNX1	0.000189046
TCFL5	0.00018873
SASH1	0.00018854
TBRG1	0.000188371
CHSY3	0.00018775
CNIH4	0.000187549
UBXN1	0.000187299
UBLCP1	0.000187183
MRPL54	0.000187054
RBM41	0.000186254
UBE2A	0.000186252
S1PR3	0.000186103
GPS1	0.000186042
DVL3	0.000185337
BPTF	0.000184643
ABHD12	0.00018415
BAG5	0.000184032
KIF13A	0.000184028
EIF4ENIF1	0.000183756
SAP30BP	0.000183676
ATP5PO	0.000182877
NUTF2	0.000182543
PLEKHM2	0.000182441
SWT1	0.000182429
TTC36	0.000181792
ZFP62	0.000181172
PTGR2	0.000180778
SERPINB6	0.000180509
ATG4D	0.000180365
RELCH	0.000180051
ZNF266	0.000179439
HIPK2	0.000179309
PSMD8	0.000179012
PAGE1	0.000178139
PIGV	0.0001771
CDADC1	0.000176929
CHMP4B	0.000176631
MORN4	0.000176276
PMM2	0.000174513
PSMA3	0.000174477
N4BP2L2	0.000174454
OCEL1	0.000173592
C12orf75	0.000173572
STK11IP	0.000173526
EHBP1L1	0.000173095
JAK2	0.000172274
APLF	0.000169611
PRKCSH	0.000169578
CHAC2	0.000169497
NDUFA10	0.00016862
VBP1	0.00016846
PTGES2	0.000166844
FKBP4	0.000166085
ETF1	0.000165409
MTERF1	0.000165141
ZNF18	0.000164914
PPIG	0.000164664
SYT4	0.000164361
AGGF1	0.000164305
VPS29	0.000163794
B4GALT3	0.000163576
CLDN15	0.000162224
MT2A	0.000162099
HEATR1	0.000162006
ADAMTS16	0.000161736
IGBP1	0.000161362
LARP6	0.000160741
NIP7	0.000160156
MPP1	0.000159676
TNPO2	0.000159517
STARD3NL	0.000159023
SAMM50	0.000158518
ARFGEF1	0.000158417
MUL1	0.000157793
DNAJC21	0.000157271
PUS10	0.000157014
UBALD1	0.000155976
AFAP1	0.000155946
DUSP14	0.000155575
FRAT2	0.000154362
HMGN3	0.000153972
LSM10	0.000153872
CPNE3	0.000153389
FAM76B	0.00015331
DDX41	0.000153289
RASSF1	0.000152475
TBCC	0.000151666
TMEM104	0.000151503
KCNB2	0.000151313
LINS1	0.000151293
MGME1	0.000151153
NPIPA1	0.000150307
SCART1	0.000150304
FAM107B	0.000150193
FAF2	0.000150064
AARS2	0.000149806
KDELR1	0.000149384
AGAP4	0.000149157
KSR2	0.000149089
ZHX3	0.000148729
BPHL	0.000148489
ACTR1A	0.000148031
NDUFB9	0.000147746
RRS1	0.000147378
ATG4B	0.000147344
TRAF3IP1	0.000146795
TPBG	0.000146551
UBE2J2	0.000145935
WDCP	0.000145858
AGAP3	0.000145417
CCDC167	0.000144566
FAM222B	0.000144364
PGRMC1	0.000144071
KANK1	0.00014387
ZNF674	0.000143744
GPR162	0.000143384
C5orf22	0.000143341
TMEM123	0.000143292
TMEM79	0.000142446
MLX	0.000142184
RXRB	0.000142165
TDRP	0.000142084
ARHGAP39	0.000141818
GLS	0.000141574
UBE2D3	0.000141311
POLR2E	0.000140862
ZNF7	0.000140793
PHLDB1	0.000140715
SDHAF1	0.000140339
PRRC2B	0.00014001
NFE2L2	0.000139671
CSPP1	0.000139597
RUFY3	0.000139327
NUDT2	0.000139043
CCDC92	0.00013895
ELK1	0.000138835
GAGE2E	0.000138742
TSC22D4	0.000138705
RRP36	0.000138341
ZNF598	0.000138195
TRIP6	0.000137586
MRPL16	0.000137291
PLXNA1	0.000136801
UBR5	0.000136635
KDM5A	0.00013642
TBC1D3I	0.000135797
ATP5PF	0.000135778
IRAK4	0.000134491
MAPRE2	0.000134436
NEU3	0.00013424
SMARCAD1	0.000134153
DPP8	0.000134054
ZNF264	0.000133495
TMEM256	0.000132829
EIF2AK2	0.000132334
FBXL12	0.000131684
SNAI2	0.000131643
NIPSNAP3B	0.000131328
NT5C3A	0.000130604
DYRK3	0.000129659
BTBD8	0.000129395
B3GALNT2	0.000129241
EOGT	0.000128391
COX11	0.000127948
DIXDC1	0.0001279
CLRN3	0.000127884
MTMR9	0.000127133
MGMT	0.000127078
PSEN2	0.000126383
ABLIM1	0.000126361
GMPPB	0.000125865
ING5	0.000125713
MORN2	0.000125451
ZC3H11B	0.00012386
MTERF3	0.000123242
ZBTB18	0.000122683
GIGYF2	0.000121926
ANKRD49	0.000121915
SMARCA5	0.000121581
GATA2	0.000121361
SMIM8	0.000121067
TAP1	0.000121013
SOS2	0.000120822
INTS13	0.000120724
RAB23	0.000120497
STS	0.000119849
RHOBTB3	0.000119293
ARG2	0.000119004
BORCS8-MEF2B	0.000118909
TP53BP2	0.000118566
TOMM40	0.000117633
OLA1	0.000117444
ZNF586	0.000117184
MAPRE1	0.000116766
SPICE1	0.00011659
DOCK7	0.000116222
TYW1	0.000114982
NDUFS4	0.000114927
KRT72	0.000114048
MAML3	0.000113365
SFI1	0.0001131
ERMAP	0.000112247
NOP2	0.000112064
YBX1	0.000111718
PRKAA1	0.000111511
ETNPPL	0.000111372
PSMB7	0.000110855
CGRRF1	0.00011017
PRELID3B	0.000110001
ATG5	0.000109614
HSPG2	0.000109475
NSUN2	0.000109445
PLPP2	0.000109421
PIGN	0.000109008
MAGEA4	0.000108921
MAP3K13	0.000108851
TRIQK	0.000108711
BOD1L1	0.000108486
DPM2	0.000108448
AAGAB	0.000108323
PPP1R11	0.000108224
SLC39A1	0.000107851
RCOR3	0.000107689
AGL	0.000106138
GTF2F1	0.000105941
CENPB	0.000105723
MARK3	0.000105662
LYRM4	0.00010566
GCLC	0.000105544
KCNH1	0.000105005
MEGF9	0.000104879
FAR2	0.000104452
NHP2	0.000104127
DNAJC18	0.000103577
MBNL1	0.000103208
TRAF3	0.000102789
RNF114	0.000102168
MRPL57	0.000101045
MRM1	0.000100686
SUPT6H	0.000100524
POLR3K	0.000100282
WFDC1	9.96799E-05
ZNF784	9.9213E-05
ATP1A1	9.86301E-05
ZFP30	9.72531E-05
MRPS36	9.69332E-05
IMMP2L	9.66926E-05
STAM2	9.6597E-05
SLC30A6	9.65826E-05
CDKN2AIPNL	9.61949E-05
E2F3	9.58253E-05
NDRG3	9.55214E-05
DTWD1	9.54944E-05
CYP2D6	9.54081E-05
DYNC2H1	9.50994E-05
PTPRK	9.49766E-05
WDR48	9.47265E-05
LAMTOR5	9.38739E-05
GOLPH3L	9.36596E-05
BRAT1	9.21907E-05
DDX52	9.19424E-05
TMEM184B	9.14546E-05
MSTO1	9.1157E-05
ATXN7L3B	9.08872E-05
MAF1	9.085E-05
TEP1	9.06906E-05
CHD6	9.03994E-05
PPP1R9B	9.02772E-05
SLC17A9	8.98959E-05
LRRC7	8.95201E-05
CBR4	8.92662E-05
SUGT1	8.88874E-05
U2SURP	8.86955E-05
NIT2	8.86651E-05
OXR1	8.86137E-05
PIH1D1	8.85087E-05
SMUG1	8.79822E-05
GBF1	8.73987E-05
LZTFL1	8.73237E-05
APC2	8.70202E-05
GPT2	8.68745E-05
LONP2	8.66628E-05
PHF21A	8.63604E-05
NFS1	8.63458E-05
SGK3	8.59852E-05
RTN3	8.57287E-05
POLR3E	8.49031E-05
EIF5A	8.47622E-05
GNMT	8.45726E-05
AKAP13	8.39573E-05
PRKCD	8.36821E-05
LPIN3	8.36657E-05
TOX4	8.34524E-05
GOLGA8O	8.34505E-05
GSK3B	8.32806E-05
TMEM131L	8.31945E-05
ANKRD6	8.28235E-05
MEX3C	8.22716E-05
ACBD5	8.21982E-05
ALG3	8.21753E-05
IFT43	8.20055E-05
GZF1	8.17089E-05
ATP5F1A	8.1679E-05
TSR1	8.11982E-05
CHD8	7.96558E-05
CSNK2B	7.92124E-05
PHAX	7.88685E-05
TMPRSS11E	7.84989E-05
ZNF577	7.84833E-05
GK5	7.8227E-05
SMG8	7.79115E-05
UBR4	7.77356E-05
ARL4D	7.69541E-05
RNF41	7.58651E-05
CTNNBL1	7.54539E-05
TRIM39	7.5306E-05
DCAF16	7.49532E-05
TNPO1	7.47319E-05
DSTN	7.45809E-05
HPS6	7.44659E-05
GAGE12J	7.4144E-05
SCAPER	7.33917E-05
C1orf35	7.32382E-05
INAFM1	7.32098E-05
PDIA4	7.30481E-05
PIK3CA	7.25062E-05
SLC9A6	7.24213E-05
WDR59	7.17325E-05
EFNA3	6.92566E-05
MED26	6.88747E-05
SLC35C2	6.82938E-05
GPATCH2	6.72311E-05
TTPAL	6.6681E-05
NEK1	6.6619E-05
NAGPA	6.5889E-05
MFN2	6.36852E-05
UTP23	6.36806E-05
ZNF594	6.30249E-05
INPP5K	6.29702E-05
MTMR14	6.28732E-05
MPHOSPH6	6.23437E-05
MAPK6	6.19228E-05
SLC9B2	6.14306E-05
GPATCH11	6.06932E-05
RSU1	6.05939E-05
AMN1	6.05752E-05
RNF20	6.02599E-05
RALGAPA1	5.93082E-05
UBE2D1	5.92216E-05
NBPF26	5.71185E-05
ABCD3	5.69548E-05
SLC25A6	5.66837E-05
PWP2	5.60502E-05
BIN1	5.55381E-05
CDC42SE2	5.55067E-05
ZNF385B	5.36923E-05
RIC1	5.32636E-05
WASHC2A	5.29984E-05
OPA1	5.26706E-05
FBRS	5.25717E-05
RRP1	5.22535E-05
CCDC190	5.18013E-05
YIPF1	5.15289E-05
GTF2H2	5.14728E-05
IFFO2	5.09546E-05
SDC3	5.09484E-05
KLC1	5.05831E-05
KRI1	5.05558E-05
DNTTIP1	5.05454E-05
ZNF706	5.04285E-05
SLC36A1	5.00042E-05
SFT2D1	4.94785E-05
FZD4	4.93386E-05
LRSAM1	4.8548E-05
AGO4	4.75814E-05
PCDH20	4.66768E-05
FAAP20	4.66111E-05
CDC42	4.5778E-05
MYO9B	4.55572E-05
COL6A2	4.49034E-05
CPSF1	4.44194E-05
RBX1	4.43163E-05
KXD1	4.37089E-05
AP2A1	4.36584E-05
NPIPB2	4.34372E-05
SLC19A2	4.29847E-05
NPIPA5	4.22545E-05
THAP5	4.20402E-05
TNFSF12	4.1574E-05
ZNF282	4.12006E-05
IRF2BP2	4.10294E-05
CRABP2	3.97546E-05
MRPL44	3.9322E-05
VPS26A	3.93034E-05
SUCLA2	3.74457E-05
C3orf38	3.74174E-05
POLDIP2	3.73168E-05
HACD3	3.58178E-05
HGS	3.57735E-05
ZC3HAV1	3.57091E-05
UTP11	3.52529E-05
MIA3	3.51826E-05
PIGF	3.45945E-05
ZNF615	3.40433E-05
ACLY	3.39726E-05
KIAA2026	3.28627E-05
C3orf18	3.27454E-05
ZNF649	3.26493E-05
TRMT112	3.2445E-05
AGPAT4	3.19126E-05
LIN7C	3.13797E-05
UBA3	3.07112E-05
ELMOD3	3.06307E-05
EXOC2	3.02229E-05
GTPBP8	2.9593E-05
SPTLC2	2.93793E-05
PIGC	2.91047E-05
PPP2CB	2.89896E-05
SEC23B	2.8894E-05
DRAM2	2.87656E-05
CDH24	2.82276E-05
ANKRD23	2.74983E-05
SLCO5A1	2.74399E-05
ZRSR2	2.65314E-05
ADD1	2.58095E-05
DOCK6	2.53127E-05
MAP3K7	2.52982E-05
HJV	2.521E-05
DPH7	2.49743E-05
QTRT2	2.47655E-05
TYW1B	2.46597E-05
HDHD2	2.46557E-05
TRIM41	2.45757E-05
F3	2.37763E-05
FAM133B	2.37608E-05
VPS28	2.35248E-05
ATXN7L3	2.29977E-05
CIPC	2.29891E-05
ZNF106	2.19549E-05
PHTF2	2.16825E-05
FDX1	2.16801E-05
GATC	2.10257E-05
ZNF25	2.09118E-05
ZFP36L1	2.07534E-05
FAM171A1	2.01052E-05
TMCC1	1.99523E-05
C22orf39	1.95418E-05
STAM	1.87212E-05
GLO1	1.82014E-05
NUDCD1	1.77979E-05
CDK8	1.7572E-05
IDNK	1.75437E-05
TRAPPC13	1.70406E-05
MLH3	1.64789E-05
MARCKSL1	1.63963E-05
ZNF786	1.6358E-05
THEMIS2	1.62403E-05
AGXT2	1.57143E-05
BYSL	1.56477E-05
DRG2	1.54451E-05
SYPL1	1.52419E-05
LRPPRC	1.47754E-05
AOX1	1.4613E-05
BMI1	1.44536E-05
LRRC47	1.40478E-05
GVQW3	1.35352E-05
CELF1	1.27154E-05
PRPF18	1.25385E-05
C1orf56	1.24958E-05
ESYT1	1.19671E-05
NUBP2	1.18256E-05
CDKL3	1.1174E-05
NDUFA6	1.07463E-05
EEF1D	1.05062E-05
POLR3D	1.02185E-05
TSC22D3	9.822E-06
RNF111	9.6961E-06
ANKRD37	9.66529E-06
MFSD9	9.26807E-06
SNX33	8.90897E-06
ESRP1	8.83018E-06
INTS1	8.41903E-06
PIP5K1A	8.30292E-06
TMEM101	7.68497E-06
ZNF669	6.83241E-06
PYURF	5.88772E-06
ARSJ	5.86664E-06
MYH9	5.47294E-06
LSM14A	5.35881E-06
PTPRU	4.68695E-06
DSG4	4.14928E-06
TMEM91	3.75204E-06
PPP2CA	3.53143E-06
PLPP1	2.99786E-06
TMEM60	2.929E-06
ALAS1	2.75246E-06
ARRDC1	2.45724E-06
GPS2	1.66147E-06
PLCD3	6.68329E-07
EPB41L1	5.11703E-07
GPAA1	-8.16552E-07
PTPRG	-1.7184E-06
MLLT3	-2.01899E-06
RNF115	-2.06513E-06
UHRF2	-2.31473E-06
TES	-2.48287E-06
C3orf62	-4.48311E-06
TRIM31	-4.58588E-06
PTGES	-4.7157E-06
NOL8	-5.34845E-06
FNIP2	-5.45272E-06
DAPL1	-5.51593E-06
FAM171B	-6.00642E-06
DNTTIP2	-6.25529E-06
MKRN1	-7.15818E-06
COP1	-7.17006E-06
AHI1	-7.90438E-06
MRPL9	-7.96332E-06
TMEM250	-8.84629E-06
STX10	-8.92107E-06
SARNP	-9.46671E-06
MYCBP2	-9.47943E-06
RNF182	-9.56995E-06
RWDD2B	-1.0124E-05
SEC23A	-1.03719E-05
IBTK	-1.05945E-05
ZMYND19	-1.08086E-05
CREB3L1	-1.08989E-05
SMAD5	-1.09508E-05
ZBED5	-1.15167E-05
FZD3	-1.24368E-05
TRAPPC2	-1.42017E-05
UQCRC1	-1.43815E-05
BTBD6	-1.44401E-05
COBLL1	-1.46728E-05
SSX2B	-1.47644E-05
NECAB2	-1.5907E-05
N6AMT1	-1.63992E-05
COX19	-1.65218E-05
MOCS3	-1.77609E-05
NGLY1	-1.82402E-05
TRAM2	-1.83845E-05
PARG	-1.86418E-05
GTF2H5	-1.86523E-05
USPL1	-1.88187E-05
ANAPC11	-1.92585E-05
CFL1	-1.94976E-05
LUC7L	-1.97095E-05
UBE4A	-2.00442E-05
RAPGEF4	-2.05896E-05
RAD23B	-2.07661E-05
ARL2	-2.0782E-05
BCAR1	-2.10172E-05
NLGN4Y	-2.13462E-05
CCDC106	-2.14068E-05
ECI2	-2.20583E-05
ZNF335	-2.40626E-05
UBN2	-2.41647E-05
BLVRA	-2.42785E-05
TKFC	-2.48022E-05
PITPNA	-2.51201E-05
RGS10	-2.55142E-05
FBXO45	-2.57513E-05
NADK2	-2.59499E-05
VPS4A	-2.68141E-05
MSANTD2	-2.70595E-05
DDX55	-2.71352E-05
CHMP1A	-2.71802E-05
MRGBP	-2.78636E-05
HENMT1	-2.81027E-05
STAT6	-2.85667E-05
FAM83G	-2.88013E-05
RNF141	-2.89877E-05
MON2	-2.99681E-05
ZNF776	-3.01858E-05
RAB4A	-3.06049E-05
PYM1	-3.09906E-05
SMN2	-3.10653E-05
ELMO2	-3.12787E-05
RBM47	-3.13064E-05
EXOC3	-3.14378E-05
ZCCHC7	-3.15908E-05
GLRX3	-3.20862E-05
GPKOW	-3.24508E-05
RNF217	-3.29431E-05
CNP	-3.3093E-05
TWF2	-3.40281E-05
METAP2	-3.42302E-05
USP14	-3.46161E-05
FAM229A	-3.47483E-05
XRCC4	-3.48739E-05
USP11	-3.48936E-05
TBC1D3D	-3.50557E-05
IDH3A	-3.58402E-05
GRHPR	-3.60319E-05
MINK1	-3.70182E-05
ZNF696	-3.83421E-05
AK2	-3.87233E-05
LMO7	-3.87427E-05
MAGOHB	-3.97228E-05
NOP14	-4.03153E-05
JAK3	-4.04963E-05
ABI1	-4.07473E-05
CD55	-4.14626E-05
POTEJ	-4.17024E-05
POP5	-4.26407E-05
PPAN	-4.31221E-05
ARL5B	-4.36244E-05
SFXN4	-4.36752E-05
DDHD2	-4.43472E-05
TEN1-CDK3	-4.4511E-05
TBC1D12	-4.46849E-05
FGD6	-4.51758E-05
PSMD3	-4.53633E-05
ATP2B1	-4.53795E-05
NFATC2IP	-4.54272E-05
EBPL	-4.59994E-05
ABCB4	-4.61049E-05
PSMB3	-4.63798E-05
EIF2B4	-4.66084E-05
MIEF1	-4.67801E-05
WASL	-4.72831E-05
ANAPC4	-4.75918E-05
VKORC1L1	-4.80895E-05
TAF1C	-4.83683E-05
FAM20B	-5.02968E-05
ASNSD1	-5.036E-05
CALD1	-5.06841E-05
MRPL12	-5.09748E-05
LY6E	-5.15621E-05
NFXL1	-5.15965E-05
CPT1A	-5.21207E-05
ZNF579	-5.21764E-05
UBP1	-5.24962E-05
RPGRIP1L	-5.27102E-05
TRAPPC1	-5.30278E-05
IREB2	-5.30587E-05
KLHL9	-5.31287E-05
EIF5	-5.44373E-05
SOD1	-5.48525E-05
KRIT1	-5.51435E-05
USP49	-5.59325E-05
INTS10	-5.6321E-05
RND1	-5.63212E-05
TEX261	-5.6673E-05
C2orf69	-5.67626E-05
COX5A	-5.77854E-05
RAB30	-5.78057E-05
TSR2	-5.80934E-05
MSRB2	-5.86332E-05
CDK9	-5.91361E-05
ILRUN	-5.92756E-05
LRWD1	-5.94334E-05
PKD1	-5.98144E-05
OXSM	-5.99901E-05
RAG1	-6.0253E-05
FKTN	-6.08173E-05
CPA6	-6.0911E-05
ELK4	-6.09861E-05
ZNF112	-6.12587E-05
SOCS1	-6.25601E-05
CD276	-6.26023E-05
RPE65	-6.26668E-05
AHCTF1	-6.28115E-05
METTL9	-6.28405E-05
GPALPP1	-6.32516E-05
STBD1	-6.3289E-05
CEP350	-6.45387E-05
IFNE	-6.50097E-05
ADAM10	-6.55632E-05
TRMT61A	-6.62911E-05
WDFY2	-6.63864E-05
ASAP1	-6.75799E-05
RGS9	-6.77125E-05
PUM3	-6.78969E-05
KIAA0232	-6.79595E-05
MBD4	-6.8619E-05
ZNF697	-6.89668E-05
UBAP1L	-6.89739E-05
AIP	-7.01697E-05
POLR3A	-7.0317E-05
ZFR	-7.03921E-05
ZFY	-7.06936E-05
EIF4E2	-7.07912E-05
STX5	-7.17266E-05
LIMS2	-7.18881E-05
SKP1	-7.2654E-05
SURF1	-7.27101E-05
PPM1M	-7.29775E-05
TANGO2	-7.31094E-05
ZBTB25	-7.32049E-05
VPS53	-7.34003E-05
TRIM25	-7.35217E-05
FBXL20	-7.41556E-05
GAST	-7.42093E-05
RRAGA	-7.4551E-05
CNBP	-7.46858E-05
ADAR	-7.49083E-05
MRPL30	-7.54825E-05
ACSM5	-7.60761E-05
HEBP2	-7.65276E-05
SEC16B	-7.71891E-05
NRDC	-7.74478E-05
STT3A	-7.76181E-05
ZNF473	-7.79998E-05
ERCC2	-7.81703E-05
FBLN5	-7.84065E-05
PPP1R13B	-7.87157E-05
EEA1	-7.87248E-05
ALDH2	-7.87532E-05
VPS4B	-8.04914E-05
GABRA3	-8.05454E-05
STX17	-8.093E-05
DDX20	-8.09559E-05
SLC25A33	-8.12198E-05
SLC52A3	-8.17887E-05
VPS33A	-8.19689E-05
VIP	-8.24443E-05
PCDHGB4	-8.24633E-05
G3BP2	-8.27555E-05
OTUD7B	-8.32572E-05
ATRAID	-8.39463E-05
CEACAM5	-8.42538E-05
CMTR1	-8.43021E-05
LGALS7	-8.43812E-05
GTF2A2	-8.4517E-05
ACTR8	-8.4943E-05
SLC27A4	-8.4972E-05
JAGN1	-8.50963E-05
NXF1	-8.52324E-05
VPS11	-8.52449E-05
USF2	-8.53031E-05
KLHDC7B	-8.54496E-05
KDM7A	-8.56738E-05
RABL2A	-8.57861E-05
SBF1	-8.60859E-05
IQCN	-8.70424E-05
RNASEK-C17orf49	-8.74773E-05
COQ9	-8.75248E-05
FBXO15	-8.86552E-05
CDV3	-8.91335E-05
TAF9	-8.94746E-05
BACE2	-8.98201E-05
UBE2Z	-9.02349E-05
OSBPL9	-9.03774E-05
NDUFA8	-9.04045E-05
KCTD9	-9.11231E-05
GTPBP3	-9.11496E-05
POLR2I	-9.11669E-05
DAXX	-9.17211E-05
ERICH1	-9.18154E-05
SLC2A4RG	-9.18619E-05
YTHDC1	-9.21256E-05
NBEAL2	-9.22455E-05
BLID	-9.26799E-05
DOK4	-9.3157E-05
LIPA	-9.37026E-05
MRPL27	-9.55009E-05
RAB32	-9.55467E-05
GIT2	-9.60561E-05
ANKRD36B	-9.64321E-05
ZFAND3	-9.64841E-05
ARHGDIA	-9.65093E-05
CAPN5	-9.6658E-05
GMCL1	-9.7172E-05
MICU1	-9.78821E-05
GPR157	-9.7963E-05
MTG2	-9.79665E-05
SDCCAG8	-9.80307E-05
UFSP2	-9.83492E-05
PTDSS1	-9.83715E-05
URM1	-9.85816E-05
SRP72	-9.8741E-05
GJB4	-9.93445E-05
ZNF500	-0.000100084
CAST	-0.00010031
SCYL3	-0.000100641
ARL4C	-0.000101125
DYNC1LI1	-0.000101548
TRUB1	-0.00010155
HOMEZ	-0.000101793
RBM48	-0.000102875
SNRPD2	-0.000103359
RPP40	-0.000103858
ZNF581	-0.000104682
METTL15	-0.000104896
DHX37	-0.000104968
CHORDC1	-0.000105105
SND1	-0.000105413
SPINK4	-0.000105655
ATXN2	-0.000105929
PWWP2A	-0.000106014
MMAA	-0.000106871
DEPTOR	-0.000106948
COA7	-0.000107388
UFSP1	-0.000107616
WDR74	-0.000107796
PRPF40A	-0.000107813
SPATC1L	-0.00010809
HPN	-0.000108684
GOLM1	-0.000109231
TTC32	-0.000109305
EFCAB14	-0.000109641
SLC35A5	-0.000110468
ZNF512B	-0.000110901
VPS16	-0.000111342
PTPRA	-0.000111443
MED19	-0.000112007
NPIPA9	-0.000112903
SLF2	-0.000113376
TFDP2	-0.000113461
GAR1	-0.000113629
CHCHD4	-0.000113939
WNT2B	-0.000113975
PIP4K2B	-0.000114002
ZNF397	-0.000114584
DZANK1	-0.000114803
PSMC5	-0.000115198
DBT	-0.000115402
SRSF10	-0.000115591
AFTPH	-0.000116187
MAGOH	-0.000116262
THUMPD1	-0.000116934
SLC41A3	-0.000116965
DPAGT1	-0.000117177
RIOK1	-0.000117248
NPIPB3	-0.000117816
WDR73	-0.000117839
LETM1	-0.000117907
APH1A	-0.000118739
UBE3A	-0.000119729
ASPHD2	-0.000119788
MGST1	-0.000120375
NBPF14	-0.000120646
NDUFS7	-0.000121515
AHCYL1	-0.000122097
ATP6V0E2	-0.000122418
CAPN1	-0.00012258
PPARGC1B	-0.000124633
RAD17	-0.000124787
ZNF143	-0.000125585
GTF2IRD2	-0.00012573
SNRPB2	-0.000125753
BRD2	-0.000126466
GPN3	-0.000126592
DGKH	-0.000126607
GULP1	-0.000126714
CIAPIN1	-0.000126756
UBA7	-0.000126882
CNIH2	-0.000127107
EFEMP1	-0.000127457
TPRN	-0.000127516
RAD23A	-0.000127999
UBXN7	-0.000128536
CLASP1	-0.000128679
DISP1	-0.000128788
FLOT2	-0.000128826
ATG2A	-0.000128952
TRAPPC12	-0.000128964
CRYZL1	-0.000129604
ZNF177	-0.000130103
PDGFC	-0.000130572
ZFYVE21	-0.00013109
THAP1	-0.000131691
TRIM26	-0.000131877
RFPL2	-0.000133606
IGDCC4	-0.000133734
WDR27	-0.000134251
ULK1	-0.000134587
FAM133A	-0.000134824
NPIPB13	-0.000136072
PPP1R7	-0.000136605
MTREX	-0.000136918
SPDL1	-0.000136982
CCDC28A	-0.000137201
SUPV3L1	-0.000138126
SCFD2	-0.000138667
CRY2	-0.00013882
ATP8A1	-0.000140022
CASK	-0.000140442
CRLF3	-0.000140675
PAAF1	-0.000141132
TATDN1	-0.000141726
ALG1	-0.000141808
REV1	-0.00014226
TRAF2	-0.000142701
ECPAS	-0.000142774
ELP6	-0.000143453
PPP1R21	-0.000143563
PPP1R37	-0.00014413
HPCAL4	-0.000144535
TRIP4	-0.000144552
UBE2D4	-0.000144723
PIGX	-0.000144997
CD177	-0.000145107
PI4K2B	-0.000145339
ZNF699	-0.000145503
PRKAR2A	-0.000145666
CCR6	-0.000145796
CFAP410	-0.000145958
JAM2	-0.000147242
CCNYL1	-0.000147621
SLC6A14	-0.000147666
PAQR4	-0.000148178
MAP3K3	-0.000148769
DPH1	-0.000148809
CBFB	-0.000148992
DCAF4	-0.000149119
MRPS23	-0.000150041
KANSL1L	-0.000151826
SNN	-0.000152298
MEAF6	-0.000152412
DIMT1	-0.000153322
EDEM1	-0.000153338
PLGLB2	-0.000154518
CYTH2	-0.000156021
URB1	-0.000156183
PPP6R3	-0.000156631
POLR2F	-0.000157248
CCDC169	-0.000158372
CPSF4	-0.00015883
RSL1D1	-0.000160395
GNB5	-0.000160853
MUSK	-0.000161498
FAM210A	-0.000162026
COPRS	-0.000162203
TFB2M	-0.000162657
BTN3A1	-0.000163717
CNNM2	-0.000163869
PHRF1	-0.000164529
MED29	-0.000165257
MRPL39	-0.000165287
WDR75	-0.000166215
TDRD7	-0.000167593
ZC3H6	-0.000169703
IL10RB	-0.000170158
DUSP18	-0.000170256
RICTOR	-0.00017049
NPIPB5	-0.00017055
KIAA0513	-0.000171437
COPS4	-0.000171555
NEIL1	-0.000171612
CACNA1A	-0.000171962
ATP11B	-0.000171963
ANKS3	-0.00017302
ADIPOR2	-0.000173167
GGA2	-0.000173633
COA1	-0.000173823
PTX3	-0.000174024
WDR3	-0.000174754
RSPRY1	-0.000175265
SOS1	-0.000175472
E4F1	-0.000175651
ZNF200	-0.000175672
RTCB	-0.000176186
TBCCD1	-0.000176457
PPP4R3A	-0.000176698
ODF2	-0.00017682
SLC48A1	-0.000176901
ZNF557	-0.000176951
SSX2	-0.000177134
SNAPIN	-0.000177936
BROX	-0.000177976
CYC1	-0.000178487
ZNF26	-0.000178515
FAN1	-0.000178624
LAMTOR1	-0.000178889
PDHB	-0.000179531
STAU1	-0.000179533
RBBP6	-0.000179703
ZNF517	-0.000181187
ZBTB40	-0.00018161
C1D	-0.000181811
LMCD1	-0.000181931
FAXDC2	-0.00018195
YAP1	-0.000182034
PHF20	-0.000182109
AGFG2	-0.00018245
TUT1	-0.00018253
ZNF774	-0.000183449
BTBD7	-0.000183483
PPP2R5E	-0.000183514
SLC35A3	-0.000183878
NPIPA2	-0.000184013
PPP2R2D	-0.00018417
RNFT1	-0.000184902
EIF3B	-0.000184908
MIIP	-0.000185002
UNC79	-0.000186382
MCM3AP	-0.000187227
MBLAC2	-0.000187555
ZNF749	-0.000187767
APTX	-0.000187894
KCTD2	-0.000188404
UNKL	-0.000188876
NXN	-0.000189825
TMEM183A	-0.000190508
SPAG16	-0.000190523
FLYWCH2	-0.000190615
MEMO1	-0.000191255
BABAM1	-0.000191312
MARK2	-0.000191436
OCLN	-0.000191562
INO80D	-0.000191688
NUS1	-0.000192605
FOXN2	-0.000192714
EPOR	-0.000194093
CLASRP	-0.00019464
PRIMPOL	-0.000194687
HEXD	-0.000195001
COPZ1	-0.000196104
PPP1R35	-0.000196415
DR1	-0.000196863
ANKS1A	-0.000198194
MEAK7	-0.000198773
CDKN2AIP	-0.000199507
FEM1B	-0.000200005
GPX8	-0.000200063
NTNG1	-0.00020093
MRPL51	-0.000200947
BIRC7	-0.00020122
BMERB1	-0.000201256
VASP	-0.000201495
ATXN3	-0.000202344
DPY19L1	-0.00020266
AMZ2	-0.000202707
SDHA	-0.000202784
USP33	-0.000202814
SUFU	-0.000202991
TUBGCP5	-0.000204134
DCAF10	-0.000204566
TPP2	-0.000205016
N4BP2L1	-0.000206045
YWHAE	-0.000206904
MZT2A	-0.000206961
TIPRL	-0.000207936
PRMT7	-0.000208171
LARP7	-0.000208261
TTLL1	-0.000208362
CAMKMT	-0.000209308
ATP8B1	-0.00020956
NDUFS3	-0.000209846
MED17	-0.000210704
PAK2	-0.000211287
ALKBH4	-0.000211346
ADCK2	-0.000211373
CRBN	-0.0002114
CLK2	-0.000211561
TRIM2	-0.000211893
GAPVD1	-0.000212265
DCAKD	-0.000213033
NLGN2	-0.000213457
DELE1	-0.000213862
F2RL1	-0.000214037
PSMD1	-0.000214099
ABHD14B	-0.000214157
HACE1	-0.000214543
EID2B	-0.00021464
RPP14	-0.000215859
OBSCN	-0.000215875
DDX1	-0.000215894
CUX1	-0.000215944
RABEPK	-0.00021637
TFIP11	-0.000216768
RPP38	-0.00021698
BCLAF1	-0.000217076
SLC25A29	-0.00021761
FGFR1	-0.000218364
ZDHHC4	-0.000219093
ECD	-0.000219145
GNPNAT1	-0.000220053
UBQLN1	-0.000221822
PCDH7	-0.000222621
C6orf62	-0.000222817
FZD7	-0.000223862
CDC42EP3	-0.00022421
POLL	-0.000224239
USP16	-0.000224633
RPF2	-0.000224754
YWHAZ	-0.000225595
RALGPS1	-0.000225845
DDX19A	-0.00022618
CCDC25	-0.00022637
SIX2	-0.000226436
AARSD1	-0.000226483
MRPS35	-0.000226897
GOLGA7	-0.000226922
GLRX5	-0.000227634
NDUFB10	-0.000227872
AASDH	-0.000229369
HERC1	-0.000229444
NEK9	-0.000229503
POP4	-0.000230035
ATP13A1	-0.000230822
VPS13B	-0.000230872
RCBTB1	-0.000231985
SPRYD4	-0.000232427
TMEM177	-0.000233051
PLTP	-0.00023374
SRM	-0.00023375
TGFBRAP1	-0.000234624
ZDHHC12	-0.000234959
LMNA	-0.000235212
TMEM11	-0.00023532
PA2G4	-0.000235432
PADI4	-0.000235766
C1orf159	-0.000236037
PHC2	-0.000236311
SFXN1	-0.000236585
MRPL13	-0.000237046
USE1	-0.000237666
CCDC122	-0.000238226
ZNF587	-0.000239483
SNRNP48	-0.000239917
STK11	-0.00024034
SLC25A25	-0.000241028
ERF	-0.000241143
COMMD10	-0.000241149
FCF1	-0.000241317
DFFA	-0.000241708
CPNE1	-0.00024177
EPB41L5	-0.000241771
SC5D	-0.000242218
DERL2	-0.000242656
ASB7	-0.000242836
TMEM100	-0.000243084
ZNF852	-0.000243625
DHX30	-0.000244806
TNKS1BP1	-0.000245141
PCDHAC2	-0.000245459
PRMT5	-0.000245902
MYO5B	-0.000245935
ZSWIM6	-0.000246283
NBPF19	-0.00024629
EFHC1	-0.000246316
NUB1	-0.000246345
STARD4	-0.000246392
TRAPPC11	-0.000246572
SLITRK4	-0.000246646
RRP7A	-0.000246766
DHX16	-0.000247786
FLII	-0.000247914
PLEKHF2	-0.000248206
CSAG2	-0.000248232
TSC2	-0.000248338
NSA2	-0.000248759
C8orf82	-0.000248935
ITSN1	-0.000249054
RETREG2	-0.000249161
ATF2	-0.000249307
TBC1D15	-0.000249329
CCDC149	-0.000250134
INTS8	-0.00025154
GSTM2	-0.000251881
STIMATE	-0.000251982
VRK3	-0.000252199
CCHCR1	-0.000253296
PBX2	-0.000253476
MRPS5	-0.000253605
MT1G	-0.000254034
ALG13	-0.00025439
ATF6	-0.000254629
BBIP1	-0.000255149
NDFIP1	-0.000256734
NTN4	-0.000256806
PRR15	-0.000256892
NOP16	-0.000256931
LDLRAP1	-0.00025727
TRMT61B	-0.000258253
ANKDD1A	-0.000258463
ABHD8	-0.000258743
BUD31	-0.000259047
AASS	-0.000259252
UBAP1	-0.000259581
PDE6D	-0.000259902
MOB1A	-0.000260087
IPO7	-0.00026052
YTHDF3	-0.000260679
IL17RA	-0.000261075
IPP	-0.000261332
TRIM65	-0.000262306
RRP1B	-0.000262448
UBC	-0.000262839
GUCD1	-0.000263123
SLC4A1AP	-0.000263166
GLOD4	-0.00026319
HOOK3	-0.000263428
TRIM27	-0.00026357
TMEM69	-0.000263754
PPP1R10	-0.000264573
MRPS10	-0.000265352
THOC5	-0.000265661
LRIG2	-0.000265706
ZNF124	-0.000266893
SLC25A17	-0.000267038
SPAG1	-0.000267262
PGM1	-0.000267279
PAPOLA	-0.000267304
SLC25A32	-0.000267523
ALDH1L1	-0.000268054
PLAAT2	-0.000268529
FBXW2	-0.000268538
UBE2R2	-0.000269622
ZCRB1	-0.000269772
MCHR1	-0.000269868
WRNIP1	-0.000270849
LRRC41	-0.000271133
RBM5	-0.000271532
UBN1	-0.000271538
ISG20	-0.000271566
BANP	-0.000271746
AP3M1	-0.000272428
STON1	-0.000273658
PRDX3	-0.000273942
TRMT1L	-0.000274218
SNAP47	-0.000274272
ATPSCKMT	-0.000275165
PPP1CB	-0.000276257
ZCWPW1	-0.00027662
HELQ	-0.0002769
UTRN	-0.000277353
SIX5	-0.000277879
AAR2	-0.000279035
DDX21	-0.000280072
MRPL38	-0.000280235
YARS2	-0.000280328
FASTKD3	-0.000281541
RAB3B	-0.000281845
RUBCN	-0.000282908
ZNF292	-0.000283641
C11orf54	-0.000283677
TAF10	-0.000283712
MIPOL1	-0.000284253
MICU2	-0.000284909
GTF2E1	-0.00028519
UFD1	-0.000285511
NPIPA7	-0.000285822
DDX50	-0.000286561
PRR14L	-0.000287702
TTC33	-0.000288064
UTP15	-0.000289074
GSTZ1	-0.000289764
CNNM3	-0.000289981
ERLIN2	-0.000290847
GNG2	-0.000291345
MUS81	-0.000292791
DCUN1D5	-0.000294396
DDX23	-0.000294652
RABGAP1	-0.00029476
FAS	-0.000296127
RBM26	-0.000296182
NOA1	-0.000296198
LRRC59	-0.000296538
SYNRG	-0.00029673
CHCHD2	-0.000296829
SPATA13	-0.000296968
MAVS	-0.000297409
FAM53B	-0.000297452
LENG9	-0.000298111
TXLNA	-0.000298258
ATG3	-0.000298356
MORC2	-0.00029917
SNAPC2	-0.000299388
HNRNPLL	-0.000301409
NAA25	-0.000301508
CDK5RAP1	-0.000302017
DHPS	-0.000302418
ZNF568	-0.000302909
KBTBD2	-0.000303043
PPP6C	-0.000303335
ZNF526	-0.000304055
NDUFA12	-0.000304337
DNAJC14	-0.000304815
SLC7A6OS	-0.000305409
EIF2B5	-0.000305647
ZNF525	-0.000305777
ZNF675	-0.000306346
NPIPB11	-0.000307386
CCDC66	-0.00030774
YTHDF2	-0.00030928
MAP4K3	-0.000309362
FEZF1	-0.000309403
PLPPR4	-0.000309814
EEF1E1	-0.000309974
GFM1	-0.00031002
ITPA	-0.000310088
FAM89A	-0.000311131
ABCE1	-0.000311193
SOAT1	-0.00031148
SMIM20	-0.000311845
RBM33	-0.000312475
PSMA4	-0.000312631
TMEM175	-0.000312704
PLBD1	-0.000312857
KLHL2	-0.000313617
RIPOR1	-0.000313933
WDR13	-0.00031458
ZNF319	-0.000315091
WASHC1	-0.000315995
EXOC4	-0.000316011
HPS3	-0.000316021
KRBOX4	-0.000316332
NOP58	-0.000316715
ZNF32	-0.000316887
DLGAP4	-0.000317514
RYK	-0.00031776
RASGEF1B	-0.00031809
MAPKAPK2	-0.000319098
MTMR3	-0.000320153
GORASP1	-0.000320606
L3MBTL2	-0.000322429
TAGLN2	-0.000322606
PARP4	-0.000322741
NCDN	-0.00032339
PTPRF	-0.000323906
RAB8A	-0.000324041
ACOT8	-0.000324277
RIN3	-0.000324344
VHL	-0.000324446
YY1	-0.000324741
PRKAG2	-0.000324918
ZNF439	-0.000324968
CRIPT	-0.00032501
DBH	-0.00032525
ASH1L	-0.000326081
EIF1AD	-0.000326475
MAP1S	-0.000326728
PPP4R3B	-0.000326807
CEP126	-0.000327165
HDGFL3	-0.000327474
FAM104A	-0.000327845
USH1C	-0.000327981
C18orf21	-0.000328028
SRP19	-0.000328327
TCIRG1	-0.000328393
CCNJ	-0.000328519
KEAP1	-0.00032947
B3GALT4	-0.000329632
ZC3H7B	-0.000329847
EDRF1	-0.000329937
GABRR1	-0.000330003
CRYBG3	-0.00033119
GNPTAB	-0.000332473
FASTKD2	-0.000332814
LSM12	-0.000332916
WASHC2C	-0.000333196
CPT1B	-0.000333719
TRIM32	-0.000333989
GSTT2B	-0.000334226
HIVEP2	-0.000336083
SEC24D	-0.000336391
MAN1A1	-0.000337613
TIMM21	-0.000337941
CYP3A7-CYP3A51P	-0.000338841
DDX27	-0.000338859
MAP3K12	-0.000339162
BZW2	-0.000339391
ZNF490	-0.000339443
SZT2	-0.000339495
EFL1	-0.000339796
PRXL2C	-0.000339845
UPF2	-0.000340428
MCCC2	-0.000340627
SOWAHC	-0.000340726
NFX1	-0.000340811
TSPYL4	-0.000340973
MRPS9	-0.000341768
SRSF6	-0.000342038
MAGEC1	-0.000342468
LRRC57	-0.000342993
CHKA	-0.000343914
MTMR1	-0.000344078
IKBKG	-0.000344662
COPS7B	-0.000345436
RNF185	-0.000345856
GABBR1	-0.00034614
PPP2R5C	-0.000346506
NDUFAF4	-0.000346721
ZNF324B	-0.000346799
XRCC5	-0.000346909
TMEM170A	-0.000347413
SNX12	-0.000347907
ARMCX4	-0.000348345
CAPNS1	-0.000348513
PARD3B	-0.000348664
ZNF721	-0.000348878
JADE2	-0.000349041
OCRL	-0.000349146
ENAH	-0.000349748
CORO1C	-0.000350355
CYBRD1	-0.000350838
DDI2	-0.000351259
FBXL3	-0.000352809
IGFBP4	-0.000353001
VPS35	-0.000353768
MBD6	-0.00035388
AK6	-0.000354173
HERPUD1	-0.000354989
PDX1	-0.000355503
ABCB8	-0.000355505
WASHC3	-0.0003558
PDCL3	-0.000355891
MFF	-0.000357219
ARMC7	-0.000357623
DCHS1	-0.000358369
VIRMA	-0.000358481
COX7A2L	-0.000359701
PLEKHO2	-0.000359837
ATL1	-0.000359947
TMEM98	-0.000361108
USP25	-0.000361482
ITGB1BP1	-0.000362568
ZNF317	-0.000363672
C6orf226	-0.000364049
FIBP	-0.000364253
DDX56	-0.000365336
ACVR1B	-0.000365967
CCDC71	-0.000366046
CLIP2	-0.000366555
SFTPD	-0.000367108
CRNKL1	-0.000367739
CDYL	-0.000367795
VIM	-0.000367994
OVCA2	-0.000368469
WRN	-0.000368667
PCGF1	-0.000369314
POLR1C	-0.000369448
SLC25A26	-0.000369522
TSNAXIP1	-0.000370397
ARMC8	-0.000370487
POLG	-0.000370521
ECHDC1	-0.000370669
FLNB	-0.000370677
NAIF1	-0.000370689
CDAN1	-0.00037081
NKRF	-0.000371265
SS18L2	-0.000371489
EI24	-0.000372703
ZDHHC6	-0.000372737
KLF10	-0.000372919
TALDO1	-0.000373286
ABHD4	-0.000373997
PEX12	-0.000375013
C4orf33	-0.000375304
TRIM8	-0.000375499
ZNF343	-0.000375607
GTF2IRD2B	-0.000375876
THRA	-0.000376391
AIDA	-0.000376567
GABPA	-0.000376775
DCP2	-0.000378213
ZNF564	-0.000380157
SLC6A16	-0.000380338
PDZK1IP1	-0.000382415
KRT10	-0.000383044
MOCS1	-0.000383796
FAHD2B	-0.000384209
NME7	-0.000385446
RAP1GDS1	-0.000385557
DENND1B	-0.000386066
KISS1R	-0.000387292
DNMT3A	-0.000387322
RPUSD1	-0.000387752
POMT2	-0.000388292
MED21	-0.000388646
UTS2B	-0.000388957
RHOA	-0.000388992
B9D1	-0.000389327
NKAP	-0.000389972
GADD45B	-0.000390068
PLCG1	-0.00039018
BCL7B	-0.00039066
MRPL2	-0.000391101
CDC27	-0.000391321
TBPL1	-0.000392669
CSNK1A1	-0.000393129
TMEM128	-0.0003942
MNAT1	-0.00039427
CISD2	-0.00039474
POLR2G	-0.000396439
TSNARE1	-0.000396536
NOTCH2NLA	-0.000396558
SIRT3	-0.000396592
SLC25A43	-0.000397295
RECQL5	-0.000397555
DUSP12	-0.000397825
KCMF1	-0.00039791
APIP	-0.000398192
SPOP	-0.000398454
PFDN4	-0.000399351
MYO1D	-0.000399488
ZNF510	-0.000399564
ATP9B	-0.000399714
FOXO3	-0.000399945
SYNGAP1	-0.00040041
FUT3	-0.000401087
DCXR	-0.000401313
MRPL49	-0.000401369
DNPEP	-0.000401587
WBP4	-0.000401696
GSK3A	-0.000401968
CTBP1	-0.000402732
ERP29	-0.000403708
CCDC159	-0.000404451
CCDC174	-0.000404611
PYROXD1	-0.000405005
SLC25A3	-0.000405056
TERF2	-0.000405526
MRM3	-0.000405806
LOXL1	-0.000406381
RLF	-0.000406894
ARMC5	-0.000406914
TIMM50	-0.000407394
LEMD2	-0.000407966
CCT4	-0.000407967
PIGO	-0.000408001
GOLGA6L10	-0.000408201
NFYA	-0.000408838
TMEM8B	-0.000408854
PSMC3	-0.000409009
FBXO30	-0.0004091
PRELID1	-0.000410106
IFT52	-0.000410598
PEX3	-0.000411178
LRRC42	-0.000412075
TMEM168	-0.000412603
TCP1	-0.000412674
ARHGAP17	-0.000413235
EFR3B	-0.000413525
COX8A	-0.000413577
HIF1AN	-0.000413828
YOD1	-0.000414032
DUS3L	-0.000414136
TXN2	-0.000414139
TMX4	-0.000414313
ZFPM1	-0.000414529
KBTBD11	-0.000414701
CRTAP	-0.000414785
PIP4K2A	-0.000414923
NTAN1	-0.000416429
SYNCRIP	-0.000417123
ACSL3	-0.000417202
INPP4B	-0.000417894
DHX36	-0.000418069
ATAD2B	-0.000419188
ASB1	-0.000419337
ITPRIP	-0.000419978
INO80E	-0.000420717
IFITM3	-0.000421199
ZFP69	-0.0004228
AGBL3	-0.000422912
SAC3D1	-0.000422991
SETBP1	-0.000423279
NEDD4	-0.000423543
RNF122	-0.000423699
CLPX	-0.000423895
RBM43	-0.000424073
PREB	-0.000424304
TTL	-0.000424326
ZMYND11	-0.000424425
CD24	-0.000424854
SAP30L	-0.000425377
FBXO3	-0.000425395
RPA2	-0.000425508
ORC5	-0.00042568
PCTP	-0.000425924
TIMM8A	-0.000425972
ABCF2	-0.000426783
ASPH	-0.000427054
CAMSAP2	-0.000427269
RAB35	-0.00042739
TAF2	-0.000427539
DET1	-0.000427599
RBM42	-0.000427904
RAC1	-0.000428034
BTN3A2	-0.000428319
THAP3	-0.000428751
GPBP1	-0.000428858
MRPS34	-0.00042974
SRSF3	-0.000430241
TSEN54	-0.000430475
NDUFAF3	-0.000430684
TSC1	-0.000431126
NOM1	-0.000431438
GSPT2	-0.000431656
UBA1	-0.000431692
NAGS	-0.00043376
ZNF765	-0.000434139
ZNF813	-0.000435533
SNX9	-0.000435661
TRMU	-0.000436183
DEDD	-0.000436187
PTP4A2	-0.000436973
PRPF4B	-0.00043775
IARS2	-0.000438012
USP8	-0.000438032
ANAPC2	-0.00043832
LYSMD4	-0.000438366
TBC1D10B	-0.000439843
HIKESHI	-0.000439992
WDR91	-0.000440082
SENP3	-0.000440326
THAP4	-0.000440711
E2F6	-0.000441081
CHPT1	-0.000441677
TTC38	-0.000441852
ATG16L2	-0.000442033
IQGAP1	-0.000442353
GPR176	-0.000442479
LRRC8A	-0.000443629
ABHD17C	-0.000444308
MKNK2	-0.000444736
NPIPB12	-0.000445667
SLC29A1	-0.000445994
CWF19L2	-0.000446303
ARNT	-0.000447403
NAV1	-0.000448627
TBC1D14	-0.000448863
RAB40A	-0.000449179
ZNF346	-0.0004493
DENND4C	-0.000449352
HAUS6	-0.000449494
CNPY3	-0.000449893
SLC29A3	-0.000450147
ADAL	-0.000450216
RAP1B	-0.000451093
GDAP2	-0.00045321
CLSTN1	-0.000453633
MEOX1	-0.000454251
FBXO8	-0.000454907
SHQ1	-0.000456046
COQ5	-0.000456744
ATPAF2	-0.000457507
VPS72	-0.000458461
EXO5	-0.000458527
CEP76	-0.00045856
RBMX2	-0.000458708
PLAC9	-0.000458734
AP4E1	-0.000458818
HARS2	-0.000459007
ZNF736	-0.00045922
NOG	-0.000459503
PHIP	-0.000460631
VIPAS39	-0.000460663
CCDC117	-0.000460783
RGP1	-0.000460958
EPC2	-0.000461745
RNF167	-0.000461974
PRMT1	-0.00046266
UQCC3	-0.000462742
SNF8	-0.000463349
TUBE1	-0.000463469
FJX1	-0.000463904
POLR1A	-0.000464042
MYD88	-0.000464117
DSEL	-0.00046444
BORCS5	-0.000465293
LASP1	-0.000466853
C2orf68	-0.000467326
PPP3CC	-0.000467488
BRF1	-0.000467621
PLSCR1	-0.000467653
ZNF33A	-0.000467693
ST20	-0.000468034
REST	-0.000468167
PIAS4	-0.00046838
REPS2	-0.000468683
SF3B5	-0.000468881
PUS7	-0.000469459
CDS1	-0.000470155
ATXN7L1	-0.000471146
DCUN1D2	-0.000471225
USP45	-0.000471465
DCP1A	-0.000471567
MRPL45	-0.000471587
ZFPL1	-0.000472529
GPR3	-0.00047265
NBPF11	-0.000472692
TPST1	-0.000473787
NBAS	-0.000474233
ATG14	-0.000474588
ELP5	-0.000475092
ASL	-0.000475392
WHAMM	-0.00047541
NOP56	-0.000475575
NUP93	-0.000475676
POTEE	-0.000475791
SLC12A5	-0.000475851
PRKD2	-0.000476182
TTC4	-0.000476355
TCP11L1	-0.000477625
UPF3B	-0.000477878
ETS1	-0.000477934
OXCT2	-0.000478016
PDGFRL	-0.000478104
VPS26C	-0.000478697
SCAF1	-0.000479164
KIDINS220	-0.000480651
LBH	-0.000481206
BAZ2A	-0.000481222
SELENOO	-0.000481627
NUP133	-0.000481636
EFNB1	-0.000482207
NPIPB4	-0.000482404
CR2	-0.000482896
PLEKHM3	-0.00048321
HEATR3	-0.000484403
MAP4	-0.000484575
SNRNP35	-0.000484598
TEAD1	-0.000485021
GLYR1	-0.00048507
MED11	-0.000485562
BBS9	-0.000485765
BAG4	-0.000486287
CCDC78	-0.000486724
SRRM1	-0.000486895
IDI1	-0.0004869
COG8	-0.000487612
TXNRD3	-0.000487688
TUT4	-0.00049009
KDM4A	-0.000490142
ICMT	-0.00049066
TFPT	-0.000491728
ABHD5	-0.000492085
GSTA4	-0.000492905
CALM3	-0.00049291
RPEL1	-0.000493484
RBMS2	-0.000493822
SLC38A5	-0.000494619
AASDHPPT	-0.000495018
NAB2	-0.000495023
PPP1R14D	-0.000495213
C8orf58	-0.000496045
RCOR1	-0.000496866
MRPL43	-0.000496873
NMT1	-0.000497493
UBQLN4	-0.000497647
ILVBL	-0.000497765
POLR2C	-0.000497982
CLEC16A	-0.000498277
PNPT1	-0.000498334
TLL1	-0.000498406
DNAJC13	-0.000498932
VTA1	-0.000499363
SIK3	-0.000499374
PRKAR2B	-0.000499625
HERC2	-0.000499725
HIBADH	-0.000500556
BCCIP	-0.000500657
PDCL	-0.000501724
SAYSD1	-0.000502196
SERTAD2	-0.00050241
NPIPA3	-0.000503303
GIN1	-0.000503687
TRAPPC8	-0.000504076
TFB1M	-0.00050424
UBE2N	-0.000504968
PHACTR2	-0.000505613
ORC4	-0.000506348
ATF6B	-0.000506486
SMN1	-0.000506799
DEGS1	-0.000507383
GPX4	-0.000507402
SLC25A11	-0.000509625
SECISBP2	-0.000509817
PHF6	-0.00051008
GNPDA1	-0.000510486
ATP6V0C	-0.000510712
AAK1	-0.00051103
GIGYF1	-0.000511144
MRPS18C	-0.000511186
MBTPS2	-0.000511678
ASB8	-0.000511806
WAPL	-0.000512342
SIGIRR	-0.000512845
COX6A2	-0.000513383
CACNA1D	-0.000513839
HDDC2	-0.000514263
CLTCL1	-0.000514467
PCM1	-0.000515022
ZNF688	-0.000516005
ACAT1	-0.000516241
COL1A1	-0.000517622
SOX9	-0.000517775
IMPDH1	-0.000518001
SCNN1G	-0.000518498
RAN	-0.000518969
SPECC1L	-0.000519757
DCAF6	-0.000519904
HAX1	-0.000519966
ZNF655	-0.000520159
PHOSPHO2	-0.000520495
SPINDOC	-0.000521298
DROSHA	-0.000521801
NCKAP1	-0.000522686
WDR53	-0.000523281
KIAA1328	-0.000523398
TMEM237	-0.00052373
RFX6	-0.000523799
MRPS30	-0.000524707
SLC22A17	-0.000524817
ANKHD1-EIF4EBP3	-0.000525082
IPO4	-0.000525185
TMEM14B	-0.000525552
PSMD9	-0.000525923
TMEM138	-0.000526068
GNG7	-0.00052621
ZFYVE26	-0.000526438
MTA1	-0.000527417
KDM5C	-0.000527944
LDLRAD2	-0.000527945
LRRC37A3	-0.000528975
NLRP1	-0.000529134
EIF2S1	-0.000529596
NCBP1	-0.000529633
KLHL42	-0.000530508
NMI	-0.000531566
PSMB6	-0.00053211
FNDC3A	-0.000532953
TOMM22	-0.000533184
C1orf116	-0.000533192
ERBB2	-0.000533284
TBRG4	-0.00053334
HDHD5	-0.000533353
SLC15A3	-0.000533481
HEBP1	-0.000533588
TYRO3	-0.000534774
SLC25A12	-0.000534796
YTHDF1	-0.0005352
ACTN1	-0.000535389
PREP	-0.000535466
PTPA	-0.00053579
ZNF691	-0.00053583
CDC16	-0.000536075
BRD9	-0.000536146
TRPC4AP	-0.000536632
RAMACL	-0.000536898
SMIM19	-0.000537084
USP5	-0.000537443
TRAF6	-0.000537457
FIP1L1	-0.000539098
MRPL18	-0.000540127
WWC2	-0.000540187
IPO8	-0.000540248
ZNF165	-0.000542109
ST7	-0.000542299
GALM	-0.000542573
RACK1	-0.000542601
ERCC3	-0.000542642
MIER1	-0.000543456
XKR8	-0.000544064
ATXN1	-0.000545189
RPRD1B	-0.000547013
HERPUD2	-0.000548173
TAB2	-0.000548862
TBCE	-0.000549302
OTUB1	-0.000549798
NAA60	-0.000549859
EXOC5	-0.000549949
VCL	-0.000550081
DNLZ	-0.000550567
SPG11	-0.000550837
IFT46	-0.000550875
ERCC4	-0.000550943
YPEL1	-0.000551788
AP4B1	-0.000552784
KLF2	-0.00055353
CC2D1A	-0.000554918
RALGAPA2	-0.000555465
RUVBL2	-0.000555699
LRRC1	-0.000556031
ADAM12	-0.000556288
PDAP1	-0.000556962
COG2	-0.000557068
EIF4EBP2	-0.000557226
TELO2	-0.000557329
NBPF15	-0.000558259
UBE3C	-0.000558759
PTOV1	-0.00055898
MRPS26	-0.000559275
BCL11A	-0.000559293
EXOSC6	-0.00056022
ZC3H13	-0.000560478
KLRC4	-0.000560555
STIP1	-0.00056076
IK	-0.000560772
TMEM62	-0.000560895
EVL	-0.000561023
MNT	-0.00056108
HUWE1	-0.000561503
HELZ	-0.000561926
ZNF41	-0.000562296
CUEDC2	-0.000562341
YEATS2	-0.000562729
GTF3A	-0.00056285
GPN1	-0.000563022
CACTIN	-0.000563371
KANSL1	-0.000563419
ZCCHC2	-0.000563857
KIF1B	-0.000563927
PPM1G	-0.000564463
CSRNP3	-0.000564522
ZNF664	-0.000564623
MFAP2	-0.000564667
AGPS	-0.000565614
GAGE12H	-0.000565966
XYLB	-0.00056608
CISD3	-0.000566098
PLCB4	-0.000566133
GRK5	-0.000566652
TMTC1	-0.000566733
POLR3H	-0.000566957
SEMA4A	-0.000567076
OSBPL11	-0.000567914
HSPA8	-0.000568206
GGN	-0.000568466
EIF2B1	-0.000568643
NVL	-0.000569124
CNOT11	-0.000569665
STK35	-0.000570585
CLEC4E	-0.000571882
SETD5	-0.000572305
WASHC5	-0.000572325
UNC119B	-0.000573021
PDLIM7	-0.000573206
ALDH1B1	-0.000573543
QKI	-0.000573857
NAP1L1	-0.000573982
CENPX	-0.000574359
NTHL1	-0.000574519
KLF3	-0.000576012
FBXL4	-0.00057803
NSUN6	-0.000578259
MMACHC	-0.000578885
PTCD1	-0.000579631
CBFA2T2	-0.00058111
CBX7	-0.000582033
MTMR10	-0.00058223
RSPH1	-0.000582271
TTC5	-0.000582338
HMBOX1	-0.000582529
NSMCE1	-0.000583007
MALT1	-0.000583173
RBM24	-0.000583348
ELAC2	-0.000583514
GTF2A1	-0.000584063
TPRA1	-0.000584272
TMED8	-0.000585313
DUSP16	-0.000586351
TPGS1	-0.000587508
ZNF513	-0.000587866
ALG8	-0.000588128
FUNDC2	-0.000588972
DUSP22	-0.000589278
TNRC6A	-0.000589313
SMAD6	-0.000589656
LRRC58	-0.000590075
EIF4H	-0.000590861
GGA3	-0.000591425
MRPS18A	-0.000591476
CHST2	-0.000591987
PRMT9	-0.000592466
ZHX2	-0.000592575
TSN	-0.000592696
CLDND1	-0.000593092
IGF2BP2	-0.000593621
CHODL	-0.000593766
OTUD1	-0.000593875
SNRPE	-0.000594888
TESK1	-0.000595323
LATS2	-0.000595326
ANKRD40	-0.000595667
ARFGAP2	-0.000595856
EMC9	-0.000595969
ZDHHC8	-0.000596577
TMBIM6	-0.000596847
PRAG1	-0.000598219
PRRC2C	-0.000598429
LRP6	-0.000598772
RPAP2	-0.000598819
ZNF845	-0.000598869
ZFAND1	-0.000599953
DGCR6L	-0.000600224
CSNK2A1	-0.000600567
DHX38	-0.000600673
CLEC11A	-0.000600924
MAK16	-0.000600949
CEP120	-0.000601059
HSD17B10	-0.000601498
CAPRIN1	-0.000601743
CASP9	-0.000601988
RAD50	-0.000602491
CCDC77	-0.000603253
MAGED1	-0.000603255
UBE2G1	-0.000603704
MTF1	-0.00060442
HLX	-0.000605045
HSPB7	-0.00060519
DDX10	-0.000605325
POLE4	-0.000605571
CFAP20	-0.00060611
DMAP1	-0.000606708
ROM1	-0.000607217
TCEANC2	-0.000607786
EED	-0.000608051
HADHA	-0.000608069
INF2	-0.000609518
PEX14	-0.000609616
LRRFIP1	-0.0006097
ZNF148	-0.000610029
BUB3	-0.000610228
KPNA6	-0.000611211
ZNF621	-0.000611603
ACVR1	-0.000611838
DALRD3	-0.000611948
KRT6B	-0.00061272
E2F4	-0.000612755
KHDRBS3	-0.000613268
PCGF5	-0.000613417
TMEM135	-0.000613424
OSBPL8	-0.000613616
RNF39	-0.000613903
CYB5R3	-0.000613967
LCOR	-0.000613976
ZNF559	-0.000614153
GPATCH4	-0.000614474
TEC	-0.000614717
MAD1L1	-0.000615227
CLASP2	-0.000615313
PSMD11	-0.000616092
TMEM254	-0.00061683
GP2	-0.000617388
NLRX1	-0.000617495
RAC3	-0.000617731
ACY3	-0.000618156
CYP2C8	-0.000618205
RRP8	-0.000619222
CT45A2	-0.000619775
DNALI1	-0.000621745
C6orf136	-0.00062305
PLCD4	-0.000623121
RASAL1	-0.000623141
APAF1	-0.000623344
ZNF254	-0.000623771
MARVELD1	-0.000624144
FEM1A	-0.000624403
ARL10	-0.000624759
ARHGAP31	-0.000625276
PEF1	-0.000625501
MSH3	-0.000625728
CNN3	-0.000626133
KLHL22	-0.000626274
SOCS6	-0.00062643
CELSR3	-0.0006269
USP40	-0.000627003
ATP5F1D	-0.00062707
ATRNL1	-0.000627168
IL12RB2	-0.000629261
DNAAF4	-0.000629302
MSLN	-0.00062964
CHRNB4	-0.0006297
ZNF891	-0.00063103
SNX27	-0.000631358
MOB3A	-0.000631497
KRAS	-0.000631511
BBS4	-0.000632335
NUP50	-0.000633703
FANCL	-0.000634096
RBIS	-0.000634932
PIGP	-0.000635685
MAIP1	-0.000635867
ZNF672	-0.000636673
ACAD9	-0.000636713
AEBP2	-0.000636775
CELSR1	-0.00063725
NIPSNAP1	-0.000637485
ZBTB41	-0.000637596
SLC19A1	-0.000637945
HDHD3	-0.000638279
APOO	-0.000639239
EIF3K	-0.00063969
TRAFD1	-0.000640068
PWP1	-0.000640282
NDUFS1	-0.000641052
BCKDK	-0.000641515
OSGEP	-0.000641637
GNAI3	-0.000641732
RSBN1	-0.000641821
HOMER2	-0.000642207
CIAO3	-0.000642346
MSN	-0.0006425
ZNF48	-0.000642507
ZFYVE9	-0.000642537
SMS	-0.000643215
RCCD1	-0.000643334
TRIM29	-0.000643496
PGM2	-0.000643618
GYPC	-0.000644079
NDUFS6	-0.000644126
ZNF546	-0.000644641
MBD3	-0.000644849
GCN1	-0.000645667
MGAT4B	-0.000647496
PPM1E	-0.000647686
RP9	-0.000648301
ENKD1	-0.000648474
KLHL15	-0.000648489
PQBP1	-0.000649116
PRKCI	-0.000649134
EIF3D	-0.000650916
DCTN1	-0.000651218
CYFIP1	-0.000651277
MTFR1	-0.000651751
TAF1	-0.000652325
CCT6B	-0.000652749
FAAP100	-0.000655108
DDX31	-0.000655625
BIN3	-0.000655882
PIGQ	-0.000656207
TIMM17B	-0.000656419
ZNF746	-0.000657558
LAPTM4B	-0.000657575
PLD2	-0.00065777
B3GALT2	-0.000658039
AGAP9	-0.000658251
TMEM42	-0.000658619
PLS3	-0.000659913
PEX1	-0.000660733
NOTCH2	-0.000660891
CAMTA1	-0.000660898
SEC23IP	-0.000661796
ABR	-0.000661937
PIANP	-0.000662005
HP1BP3	-0.000664249
FZR1	-0.000664458
FNIP1	-0.000665198
MADD	-0.000665372
ARPC1A	-0.000665519
BSCL2	-0.000665814
PTBP3	-0.000665862
ZNF138	-0.000665942
UPP1	-0.000665955
GTDC1	-0.00066629
ZYG11B	-0.000666544
C17orf80	-0.00066692
PANK4	-0.000667094
OARD1	-0.000667781
C20orf96	-0.000668315
CAND1	-0.000668394
SH3BP2	-0.000668523
ING2	-0.000668559
KTI12	-0.000668816
TSTD2	-0.000669321
CHP1	-0.000669344
UXT	-0.0006699
AURKC	-0.000671438
ASCL1	-0.000671892
PIGBOS1	-0.000672232
RASAL2	-0.000672742
MRPS11	-0.00067343
CIAO2A	-0.000673727
DCAF1	-0.000675138
ZDHHC16	-0.000676319
RTN2	-0.00067669
PIM3	-0.000677478
ST18	-0.000677908
COMMD9	-0.000678846
FBXW9	-0.00067903
MED6	-0.000680396
NBDY	-0.000681908
PRSS56	-0.000682078
MBIP	-0.000682193
CCDC171	-0.0006822
LRIG1	-0.000682219
CBX8	-0.000682578
RCE1	-0.000682945
UBAC1	-0.000683593
AIFM1	-0.000684365
DDX46	-0.000684891
LSM14B	-0.000684979
KPNA3	-0.00068566
FBXW8	-0.000685999
PANK2	-0.000686079
KIF2A	-0.000686521
ARMCX2	-0.000687117
RABL2B	-0.000687519
SERGEF	-0.000688298
DGUOK	-0.000688379
TATDN2	-0.000688394
ATP10A	-0.000689529
ROBO2	-0.000689816
PRDM15	-0.000690063
AGPAT3	-0.00069069
METTL14	-0.000691659
GNPAT	-0.000691749
ZNF614	-0.000692276
HOXB9	-0.000692709
EIF3M	-0.000692985
SNX17	-0.000693181
GCFC2	-0.000693284
LGALS1	-0.00069366
MANBAL	-0.000694117
PPTC7	-0.000694356
IP6K1	-0.00069485
GNAI2	-0.000695191
MON1B	-0.000697305
CHSY1	-0.000698231
RLIM	-0.000698465
UPF1	-0.000698841
NIPBL	-0.000698895
NAA40	-0.000699486
TENT2	-0.000700098
LACTB2	-0.00070028
KLHL8	-0.000701245
MPLKIP	-0.000702088
SMYD2	-0.000702881
DSTYK	-0.000703099
MRPL35	-0.000703837
ECH1	-0.00070436
SLC3A2	-0.000704942
MTX2	-0.000705021
KCNS1	-0.000705153
FOSL1	-0.000705337
COG4	-0.000705664
CSTF1	-0.000706167
ATG2B	-0.000706236
GNAS	-0.000706554
ZNF487	-0.000706693
RBM28	-0.000707796
SOCS5	-0.00070806
PIAS1	-0.000708368
CFAP97	-0.00070888
SMARCE1	-0.000709321
CCSAP	-0.000709366
C15orf40	-0.000709839
KHNYN	-0.000711068
RCAN2	-0.000711327
ZNF480	-0.000712005
ABI2	-0.000712011
PIGB	-0.000713362
SMG7	-0.000713884
GLT8D1	-0.000714022
IMP4	-0.000714116
SCRIB	-0.000715447
KDM1B	-0.000716585
TMEM200A	-0.000717725
SLC25A13	-0.000717991
SNRPC	-0.000718006
DMAC2L	-0.00071842
NBPF10	-0.00071845
HNRNPDL	-0.000718485
C9orf85	-0.000718591
VSTM2B	-0.000718766
JAG1	-0.00071904
RBM3	-0.00071988
ZNF740	-0.000720007
ADAP2	-0.000720192
MPC1	-0.000720266
E2F1	-0.000720435
MAGEF1	-0.000720557
RSL24D1	-0.000720618
CEP68	-0.000720704
LURAP1L	-0.000721211
GJA1	-0.000721494
TRAF5	-0.000722174
MLF1	-0.000723
TPRKB	-0.000723129
DNAJC17	-0.000723749
VDAC3	-0.000724976
SPCS2	-0.000725038
CSNK2A3	-0.000725421
ALG9	-0.000725691
GNB2	-0.000725714
LYAR	-0.000725812
CEP104	-0.000726321
SUCLG1	-0.000726768
RC3H1	-0.000727081
PAXBP1	-0.00072757
EIF3A	-0.000727729
DLAT	-0.000728091
BTF3L4	-0.00072826
TRIM68	-0.000728755
WDR19	-0.00072894
PUS1	-0.000729061
TFCP2	-0.000729072
TMED10	-0.000729606
U2AF2	-0.000731196
PLCB3	-0.000731769
DCX	-0.000731999
PUF60	-0.000732334
ZFP41	-0.000732556
PSPN	-0.000732646
RTL6	-0.000733535
PLRG1	-0.000733618
DYRK2	-0.000733793
ZNF221	-0.00073432
ZC3H12C	-0.000734664
ZNF585B	-0.000734815
KLHDC3	-0.000735318
COPS6	-0.000735466
CCNQ	-0.000736334
NAA50	-0.000736875
MYO9A	-0.000737034
CCNK	-0.000737275
PPP1R12A	-0.000737521
PHF12	-0.00073763
MTHFR	-0.000737904
OGFOD2	-0.00073837
CXXC1	-0.000738566
NDUFAF5	-0.000739075
AP5S1	-0.000739416
ZDHHC11B	-0.000740756
OIT3	-0.000740899
KYAT3	-0.000741163
RFX7	-0.00074134
CCDC86	-0.000741495
POLE3	-0.000741587
KMT2E	-0.000741693
KCNQ2	-0.000741739
CRYBB2	-0.000742187
ATP2A2	-0.000742688
MICALL1	-0.000742702
LRP8	-0.000743081
VPS25	-0.000743341
GTF2I	-0.000743604
ERAP1	-0.00074373
OSCP1	-0.000743763
PRKRA	-0.00074394
RECK	-0.000743998
RAD52	-0.000745264
CABIN1	-0.000745504
MAPK1	-0.000745596
NSUN3	-0.000746426
EARS2	-0.000746816
RBFA	-0.00074735
MAGEA2B	-0.000747438
ARAF	-0.000748058
SNX6	-0.000748118
GFOD1	-0.000748286
NF1	-0.000748305
TBC1D32	-0.000749257
MRPL19	-0.000749815
DBNL	-0.000749898
FBP1	-0.000750318
POM121C	-0.000750419
ZNF85	-0.000751063
SMG1	-0.000751987
PRDM4	-0.000752151
MRPL28	-0.000753191
RAB11FIP3	-0.000753235
AFG3L2	-0.000754836
SPATA6L	-0.000754911
MED9	-0.000755597
YLPM1	-0.000756044
KANSL2	-0.000756897
CSKMT	-0.000756956
ARHGEF17	-0.000757137
BRPF1	-0.0007576
PEAK1	-0.000758146
SLITRK6	-0.000758261
CMC2	-0.000758478
RBBP9	-0.000758859
SLC2A12	-0.000759182
IFT88	-0.00076029
MAP3K1	-0.000760423
DAG1	-0.000761071
MRPS22	-0.000761294
BICC1	-0.000761564
ANKRD27	-0.000761599
CEP83	-0.000761685
RFC1	-0.00076213
CACNB1	-0.000762469
HTATSF1	-0.000763832
PEX2	-0.000763981
CBARP	-0.000764182
USP42	-0.000764571
ABHD3	-0.000764833
ZNF823	-0.000764933
UCK1	-0.000764988
ZMYM1	-0.000765251
CDC26	-0.000765761
MTMR6	-0.000766282
SNCA	-0.000766326
ARHGEF2	-0.000766349
RBM7	-0.000766448
BCS1L	-0.000766498
NPR2	-0.000767054
FARP2	-0.000767085
MGAT5B	-0.000767362
POLR1B	-0.000767419
NIN	-0.000767819
INPP5A	-0.000768848
PSMD7	-0.000769082
ZNF768	-0.00076935
TRUB2	-0.000769621
CTDP1	-0.000770342
MRPS18B	-0.000770957
ZSCAN25	-0.000772849
ERI1	-0.000773232
DDX3X	-0.000773442
LPP	-0.000773667
DGKE	-0.000774682
TAFA5	-0.000774823
UMAD1	-0.000775216
IQCC	-0.000776496
SF3B2	-0.000776604
CCDC148	-0.000776652
SUZ12	-0.000777008
PPP1R15B	-0.000777703
ABRAXAS2	-0.000778675
XRN2	-0.000779436
TYSND1	-0.000779623
MRPS6	-0.000780013
FTO	-0.000780187
PPP1CA	-0.000780221
BMS1	-0.00078031
ZNF805	-0.000780352
ACTR3	-0.000780739
UNG	-0.000781637
MAP7D3	-0.000783136
LPGAT1	-0.000783556
TMEM82	-0.000783841
RPUSD4	-0.000784132
SLC45A4	-0.000784612
COL7A1	-0.00078528
OTULIN	-0.000785319
PPP1R12B	-0.000785931
GAGE12G	-0.000785976
ABHD18	-0.000786167
TRMT44	-0.000786188
FPGS	-0.000786751
ARHGEF10L	-0.000788439
FRMD4A	-0.000788461
HS6ST2	-0.00078889
MED4	-0.000788976
CLEC2D	-0.00078959
COMMD2	-0.00079016
AACS	-0.000790257
PDE4A	-0.000790322
MED8	-0.000790916
TRMT2B	-0.000792014
AGBL5	-0.000792053
C16orf95	-0.000792186
RNF216	-0.000792475
ZNF358	-0.000792564
ABI3	-0.00079277
THAP7	-0.000793776
WDR5B	-0.000793783
RELL1	-0.000793901
ZKSCAN8	-0.00079485
RBBP5	-0.000796203
GPBP1L1	-0.000796702
AVPI1	-0.000797562
TMCC2	-0.000797592
DDX18	-0.000798205
ELP1	-0.000798344
CHD4	-0.000799682
INTS11	-0.000800051
EMC8	-0.00080026
BCAT2	-0.000800781
FNBP1	-0.000801061
NSUN4	-0.000801228
YWHAQ	-0.000801268
BRI3BP	-0.00080174
BNIP1	-0.000802051
DPY19L3	-0.000802657
SMIM12	-0.000803691
KLHL25	-0.000803774
SLAIN2	-0.000803989
MTOR	-0.000804125
FA2H	-0.00080569
SH3GL1	-0.000805882
ASAH2	-0.000807197
PIKFYVE	-0.000807952
DPP9	-0.000808048
XPO1	-0.000809843
ZNF625-ZNF20	-0.000810692
CRMP1	-0.000810903
BBS1	-0.000811168
KAT14	-0.000811961
TNS3	-0.000811979
ACOT7	-0.00081265
RBL2	-0.000812955
IRF2BP1	-0.000813136
DNAJC8	-0.000813484
MRPS16	-0.000813712
TBL3	-0.000814508
TPD52	-0.000815154
KANK2	-0.000815155
ARMC1	-0.000815175
CUL9	-0.000815226
RHBDD1	-0.000816366
HSF1	-0.00081709
CAMK2A	-0.000817119
GUCA1B	-0.000817649
PAOX	-0.000818969
TTC8	-0.000819807
MCAT	-0.000821802
LRRC28	-0.000821949
SNRPB	-0.000822542
AP5B1	-0.00082356
XRCC1	-0.000823986
PCDHGA3	-0.000824482
C1orf54	-0.000824522
ZZEF1	-0.000824878
NINL	-0.000825031
RSC1A1	-0.000825295
CFL2	-0.000825415
THYN1	-0.000825484
MTX3	-0.000825721
FAM20C	-0.000825752
GAS6	-0.000825767
HFE	-0.000826199
KCTD1	-0.000826727
NBPF12	-0.000827014
CHKB	-0.000827095
OTUD4	-0.000828593
ANKHD1	-0.00083045
GPATCH8	-0.000830677
INTS5	-0.000831085
HACD2	-0.000831106
ZNF644	-0.000832766
CCT2	-0.000833255
PABPC3	-0.000833669
ACADM	-0.000833916
AGO3	-0.000834252
GCDH	-0.000834384
TIMM23	-0.000835604
UBE2O	-0.00083627
CLUH	-0.000836311
FGFBP2	-0.000837004
PAWR	-0.000838815
PDF	-0.000839019
SNX1	-0.000839827
GTF3C3	-0.000841023
SMYD4	-0.000842067
ZNF43	-0.000842628
ZNF92	-0.000842817
ZNF3	-0.000843041
ERBIN	-0.000843173
TMA16	-0.000843533
PPP1R14B	-0.000843831
CD200	-0.000843863
DCAF7	-0.000844586
RNF169	-0.000844723
CRAT	-0.000844925
TBX21	-0.00084517
ABCC1	-0.000845762
SUDS3	-0.000845937
PHF10	-0.000845988
HIGD2A	-0.00084789
TNFRSF19	-0.00084807
PAPOLG	-0.000848211
ZNF330	-0.000848545
DNAJB12	-0.00084915
UVSSA	-0.00084946
EXOSC7	-0.000849545
PPP1R8	-0.000850062
CAPN15	-0.000850766
ZNF585A	-0.000850978
FBXO46	-0.000851304
LAS1L	-0.000851364
LSM4	-0.000852105
RIOX1	-0.000852121
IER5L	-0.000852314
PANK3	-0.000853286
TCEA1	-0.000855151
ITGAE	-0.000855352
PARVA	-0.000855713
THOC3	-0.000855954
RIMKLB	-0.000856742
GFER	-0.00085785
IDH3B	-0.00085793
ZNF575	-0.000858378
LCMT2	-0.000858869
PCID2	-0.000859826
TXNL4B	-0.000860319
ZNF677	-0.000861
SLC7A2	-0.000861094
ZNF333	-0.000862463
FKBP11	-0.000862471
CTPS1	-0.000862757
EIPR1	-0.000862968
KRT31	-0.000863298
ABT1	-0.000863451
SARM1	-0.00086418
HECTD2	-0.000864394
TNFRSF1A	-0.000864418
EPS15	-0.000864471
BRMS1L	-0.0008649
CT45A9	-0.000865682
EXOSC5	-0.000866016
ASCC1	-0.000866754
SMG6	-0.000867649
C1orf198	-0.000867905
TJAP1	-0.000868133
TATDN3	-0.000869436
CPXM2	-0.000869881
RANBP17	-0.000870414
ZNF503	-0.000870928
COG7	-0.000870974
GLG1	-0.000871183
DHRS4L2	-0.000872286
SORD	-0.000872614
HDAC3	-0.000872642
WWC3	-0.000873221
ACO1	-0.000873492
METTL22	-0.000874329
GPR161	-0.000874933
DCTN2	-0.000875167
WIPF2	-0.000875306
CLEC3A	-0.000875616
PAPLN	-0.00087563
GOLGA6L9	-0.000876367
HNRNPK	-0.000876408
GEMIN8	-0.000876916
XAGE2	-0.000876924
CSNK1G2	-0.000877201
MTMR12	-0.000877713
SMU1	-0.000878142
TNPO3	-0.000879056
ZNF623	-0.000879061
NCK2	-0.000879167
PABPN1	-0.000879224
MEN1	-0.000879434
RGS8	-0.000879627
POLDIP3	-0.000879755
FER	-0.000880648
ZNF595	-0.000880728
TLE1	-0.000880826
ZNF587B	-0.000880966
UPRT	-0.000882158
DGLUCY	-0.000883051
GAGE12F	-0.000883089
SLC25A51	-0.000884244
PLAG1	-0.00088481
RNF214	-0.000886739
SSX2IP	-0.00088706
ZNF101	-0.00088707
ACOX3	-0.000887134
PHF8	-0.000887247
RYBP	-0.000887686
NET1	-0.000889503
APEH	-0.000890284
HLCS	-0.000890341
LRP11	-0.000891315
RAB28	-0.000892235
IFRD2	-0.000892281
DDX51	-0.000892848
AMBRA1	-0.000893969
SMNDC1	-0.000894651
CAP2	-0.000894664
MED28	-0.000895114
STAG2	-0.000895158
MRPL40	-0.000897084
SUPT20H	-0.000897465
PELP1	-0.000897526
AGAP6	-0.000898328
SUN1	-0.000898637
NUP43	-0.000899323
EVC	-0.00089934
ADCY1	-0.000900033
DDX6	-0.000901169
TRAPPC10	-0.000901215
BTF3	-0.000901346
SHANK3	-0.000901573
ORC6	-0.000901655
IL1RL2	-0.000901904
RTL10	-0.000902298
B3GLCT	-0.000903616
TMEM121	-0.000904343
MEX3A	-0.000904454
SAMD4B	-0.000905746
GANC	-0.000906882
MYNN	-0.000908907
COQ8A	-0.000909864
CTC1	-0.000909971
TRIT1	-0.000910056
TMEM198	-0.000910369
CNOT1	-0.000910436
WDR82	-0.000910667
SOD3	-0.00091107
ZNF607	-0.000911377
SNX15	-0.000912114
SNIP1	-0.000912325
EPC1	-0.00091239
WDPCP	-0.000913544
SLC27A1	-0.000913671
POLR1D	-0.000914398
OSER1	-0.000914591
ST3GAL3	-0.000914869
EPB41L4A	-0.000915268
RBM17	-0.000915288
HSPD1	-0.000915977
FANCM	-0.000915983
CCDC136	-0.000917122
MTPAP	-0.000917367
EXOSC3	-0.000918282
CAMKK2	-0.000918762
MPDZ	-0.000918897
SLC35E2B	-0.00091986
GADD45GIP1	-0.000920209
UBXN11	-0.00092041
IQCK	-0.000921286
CBX1	-0.000922746
SZRD1	-0.000923377
UNC5C	-0.000924562
ROS1	-0.000924579
ASAH2B	-0.000925481
NAT10	-0.000925781
SLC8B1	-0.000925906
CDK11B	-0.00092634
ORC2	-0.000926673
IRF2BPL	-0.000926815
BRCC3	-0.000927158
CHN1	-0.000927504
EIF3E	-0.00092763
CASKIN2	-0.000928673
ATE1	-0.000928827
POR	-0.000929542
AGPAT2	-0.000929832
IFT74	-0.00093007
ZSCAN2	-0.000930354
ARIH2	-0.000930446
SCN9A	-0.000930726
ADAMTS7	-0.000930765
EIF4G2	-0.000930907
PCCB	-0.000930925
CPTP	-0.000931771
LCMT1	-0.000933153
PRCC	-0.000933999
YBEY	-0.00093429
CARS2	-0.000934596
ZNF256	-0.000934853
PMS2	-0.00093514
FAM217A	-0.000935709
ZDHHC3	-0.000936047
STAC2	-0.000936118
GALNT18	-0.000937565
ZNF687	-0.000938115
VDR	-0.000938193
DHX34	-0.00093834
SPRED1	-0.000939119
PLCB1	-0.000940083
TRPM7	-0.000940208
CDC42BPB	-0.000940934
KCTD15	-0.000941015
CORO2B	-0.00094102
SEC24B	-0.000941695
SHPRH	-0.000942388
HNRNPU	-0.000942485
TUBGCP2	-0.000942769
C1QBP	-0.000942788
IKZF5	-0.000943911
DDX19B	-0.000944285
AGFG1	-0.000945245
TEX30	-0.00094577
COX15	-0.000945787
RGS20	-0.00094639
APOL6	-0.000947394
UBE2J1	-0.000947565
COX20	-0.000948008
TASOR	-0.000948231
MTM1	-0.000948252
CMC4	-0.000948795
SLC44A1	-0.000949072
RANBP3	-0.000949447
FAM234B	-0.000949735
TIGD5	-0.000951085
SNX21	-0.000952033
VCX3A	-0.000952792
HNF1A	-0.000953593
CYP1B1	-0.000953613
EIF4A1	-0.000953875
PPT1	-0.000954043
VAV2	-0.000954134
PAF1	-0.000954411
CWC25	-0.000954986
RFLNB	-0.000955544
EML3	-0.000956253
SENP8	-0.00095631
SPAST	-0.000957745
SPANXN3	-0.000958355
CDH6	-0.000958448
S100A10	-0.000958606
HDX	-0.000960084
SFT2D2	-0.000960354
FTSJ1	-0.000960702
SIAH2	-0.000960754
HDAC6	-0.000960795
ACTN4	-0.000962124
ZNF670	-0.000962383
SOCS7	-0.000962966
RAD54L2	-0.000963422
STRN4	-0.000963436
HTN3	-0.000963563
SPTBN1	-0.00096428
CMTM8	-0.000964432
GABRP	-0.00096477
IFITM2	-0.000965772
KIAA0040	-0.000966152
ZSCAN29	-0.000966378
DRC3	-0.00096744
STMP1	-0.000967462
KRTAP1-5	-0.000967471
ERMARD	-0.000967532
ZKSCAN4	-0.000968401
SIGMAR1	-0.000969349
GTPBP10	-0.000969605
S100A4	-0.000969996
DHX15	-0.000970231
MAP3K2	-0.000970347
SAT2	-0.000971204
F2	-0.000971269
PIK3CB	-0.00097165
NSMCE2	-0.000971732
DPH6	-0.000972276
DKC1	-0.000972304
WDR70	-0.0009728
CDC5L	-0.000973197
TBC1D25	-0.000974335
UCHL1	-0.000974665
POMZP3	-0.000974692
ZBED6	-0.000975402
PDS5A	-0.000975477
TMEM45B	-0.000977667
PHEX	-0.000977773
DICER1	-0.000978799
DNAJC11	-0.000978905
PAQR6	-0.000978968
PDIK1L	-0.000979342
ZNF141	-0.000979668
EEF2	-0.000981259
PRR16	-0.000981526
DLST	-0.000982067
SET	-0.000983132
LARP4B	-0.000983575
PSMG3	-0.000983786
DESI2	-0.000983814
DLX3	-0.000984331
RUVBL1	-0.000984338
CD302	-0.000984451
PHC3	-0.000984451
PMF1	-0.00098482
ZBTB10	-0.000986587
FAM193A	-0.00098737
GCNT1	-0.000987461
ANGEL2	-0.000988586
HECTD3	-0.000988828
AP2M1	-0.000989556
NDUFAF2	-0.000989638
SF3A2	-0.000989668
GLUD1	-0.000989992
CLOCK	-0.000990089
IFT80	-0.000990335
PRRC2A	-0.000990709
JAZF1	-0.000991197
TUFM	-0.000992184
VGLL1	-0.000992886
MZT1	-0.000993649
DTWD2	-0.000993873
USP19	-0.000994025
PUM2	-0.000994308
MARVELD3	-0.000995157
KANTR	-0.000996106
ZNF268	-0.00099615
QSOX2	-0.000996499
ANO4	-0.000996958
VPS54	-0.000997802
PCNX3	-0.000998575
SHLD2	-0.000999001
HIVEP1	-0.000999124
FBXO36	-0.000999161
RAPGEF1	-0.001000235
XPO6	-0.001001361
GOLGA3	-0.001001373
FOXRED1	-0.001001675
CDPF1	-0.001001931
PPP2R5A	-0.001001998
BAIAP2	-0.001002262
ANXA2R	-0.001002702
CAMK2N1	-0.001003175
SETDB1	-0.001003256
P2RX4	-0.001004416
BCORL1	-0.00100444
HNRNPC	-0.001006086
RREB1	-0.001006227
THADA	-0.001006268
METTL5	-0.001006432
AZIN2	-0.001006581
ABCC4	-0.001006641
ARHGEF40	-0.00100669
PGBD2	-0.001007347
RUNX1	-0.001007636
RIMBP2	-0.001008173
MED18	-0.001008257
UTP18	-0.001010493
MAP3K9	-0.001010831
PACRGL	-0.001011391
MAP3K20	-0.001011588
LSM3	-0.001011906
PTPRS	-0.001012741
BAP1	-0.001012864
CFDP1	-0.001013017
MTFMT	-0.00101313
DGKZ	-0.001013361
CCNY	-0.001013804
NUP58	-0.001014061
B3GNT4	-0.001014288
COA3	-0.001015471
MR1	-0.001016206
RANBP9	-0.001016213
HSBP1L1	-0.001018191
RCL1	-0.001018642
TXNL1	-0.001019208
SBF2	-0.00101963
CD300C	-0.001019761
LY6H	-0.001020725
STX2	-0.001020792
SLC25A34	-0.001020864
SNUPN	-0.001021054
ANKRD50	-0.001022614
TARS2	-0.00102283
AKAP5	-0.001023121
DIP2B	-0.001023698
DMGDH	-0.001024766
RABL3	-0.001025363
BCKDHB	-0.001025464
KLHL11	-0.001025648
SPIN2A	-0.001025659
ZNF624	-0.001025895
CLPB	-0.0010262
FAM171A2	-0.001026266
ZSWIM9	-0.001026618
EIF1B	-0.001027924
JOSD1	-0.001030495
MAPKAPK3	-0.001031154
FBXW4	-0.001031797
PCYT2	-0.001032059
GRK2	-0.001032715
ZBTB21	-0.001033189
UBALD2	-0.001033804
PEPD	-0.001034188
RPP21	-0.001034906
NLRP2	-0.001035664
LSM5	-0.001036104
RALBP1	-0.001036297
MRPL37	-0.001036549
CAVIN1	-0.001036563
XRCC6	-0.001037714
CMC1	-0.001038132
AP3S2	-0.001038405
ZNF174	-0.001038821
NAIP	-0.001039098
SRGAP2	-0.001039141
R3HCC1	-0.00103967
TCF3	-0.001039784
ATG10	-0.001040272
RBBP8NL	-0.001041027
TMEM47	-0.001041206
OXA1L	-0.001041213
TEN1	-0.001041355
ZC3H10	-0.00104158
CACYBP	-0.001041845
MAGEA1	-0.001042062
SMTN	-0.001042155
RHOG	-0.001043232
TOP3A	-0.001043647
AFG1L	-0.001044384
GNG11	-0.001044475
SPSB1	-0.001044483
JPT1	-0.001044799
TAF15	-0.001044891
EIF3H	-0.001045367
LRRC40	-0.001046719
SETD9	-0.001046919
ARL3	-0.001047374
ZNF107	-0.001047542
MRPS14	-0.001048399
COL26A1	-0.00104889
OMD	-0.001050355
EIF2AK1	-0.001051772
RHEB	-0.001052002
THOC1	-0.001052237
NEK3	-0.001052964
AXIN1	-0.001052997
PCDHGA9	-0.001053038
HRH1	-0.001053544
GLRB	-0.001053679
SHKBP1	-0.001054581
CZIB	-0.00105578
ELL2	-0.001055874
FBXO42	-0.001056844
BORCS7-ASMT	-0.001056949
CTSC	-0.001057173
POLR2J	-0.001058205
TMEM81	-0.001059171
TNRC6B	-0.001059209
REV3L	-0.00105948
ZSCAN16	-0.001059696
ABHD16A	-0.001060178
ZNF140	-0.001060221
ZFP91	-0.001060815
CASP8AP2	-0.001061159
PARN	-0.001061367
ZNF714	-0.001061649
TMEM201	-0.001061831
LRR1	-0.001063259
PHF3	-0.001063796
GTPBP1	-0.001064348
PPARA	-0.001064889
GNA12	-0.001065339
MEPCE	-0.00106547
MTHFSD	-0.001066455
FERMT1	-0.001066704
EMG1	-0.001067328
SCG5	-0.001068171
SMG9	-0.001070089
CPSF2	-0.00107074
USP22	-0.001071335
CPLANE2	-0.001071421
WRAP73	-0.001071907
HACD1	-0.001072837
UTP25	-0.001072926
PEX26	-0.001073042
ME1	-0.001073621
IQCB1	-0.001073666
ADK	-0.001074466
ING3	-0.001074616
TP53AIP1	-0.001075016
PCBP1	-0.00107502
GMEB2	-0.001075063
LIAS	-0.0010751
TRANK1	-0.001075285
POLR3B	-0.001076436
BTBD17	-0.001076613
EIF4A3	-0.001076735
NFRKB	-0.001077128
TBC1D2	-0.001077445
TRMO	-0.001078051
IFT122	-0.00107824
SMCO4	-0.001079022
SMARCC2	-0.001079445
ITFG2	-0.001079525
EIF3L	-0.001079693
ZNF548	-0.001081051
USP6NL	-0.001081334
HRAS	-0.001081636
MKKS	-0.001082378
RNF2	-0.00108258
MAP4K4	-0.001083011
LARP1B	-0.001083614
NDOR1	-0.001084482
ZBTB8A	-0.001084651
TLK1	-0.001085335
BTBD2	-0.001085955
DENND5B	-0.001086295
RYR3	-0.001086299
C8A	-0.001087779
CENPL	-0.001088297
ACBD6	-0.001089115
INPP5E	-0.001089123
USP10	-0.001089911
UQCRFS1	-0.001090342
SMARCA4	-0.001090705
CRAMP1	-0.001090837
BOK	-0.001090883
SMAD3	-0.001091542
SCN8A	-0.00109178
EBLN2	-0.001091827
LPCAT4	-0.001092263
ZNF574	-0.00109229
CHCHD3	-0.001092378
TRMT11	-0.001092502
MRPS24	-0.001092591
USP7	-0.001092684
TIRAP	-0.001093347
UBTD2	-0.001093525
DHX9	-0.001093868
PPDPF	-0.001093888
RAMP1	-0.001095479
ALDH3B1	-0.001095963
SH3RF3	-0.001096113
NFKB1	-0.001096381
CTNNB1	-0.001096527
CSTF2T	-0.001096718
PITPNB	-0.001097054
WDFY3	-0.001097117
GGH	-0.00109785
CLPP	-0.001099002
ZNF354C	-0.0010994
ERCC6L2	-0.001099557
SLC12A6	-0.00110131
SLC25A1	-0.001101332
BRD1	-0.001101584
HIC2	-0.001101684
IFI16	-0.001102625
HNRNPH1	-0.001103716
VPS39	-0.00110539
PLEKHA8	-0.001105527
FBXO7	-0.001106006
MAP2K4	-0.001106451
DBR1	-0.001106519
PHB2	-0.001106641
SIRPA	-0.001107191
SGTA	-0.001107641
NID1	-0.001107706
ZNF830	-0.001109875
TIMM10	-0.001110834
ORC3	-0.001111038
SCAF8	-0.001112793
RSKR	-0.001113273
AATF	-0.001113693
C6orf141	-0.001114149
ZNF331	-0.001114368
ZNF384	-0.001114966
EIF3I	-0.001115487
KMT2D	-0.001115641
MTO1	-0.001115795
UGT1A3	-0.001116007
NANP	-0.00111639
GRB10	-0.001117496
FRG1	-0.001117669
PSPH	-0.001118026
ALKBH1	-0.001118862
SMAP2	-0.001119028
TMEM43	-0.001119707
DEFB1	-0.001119917
LMX1A	-0.001120421
FOXK2	-0.00112052
FAM114A1	-0.001121089
GFAP	-0.001121487
AHNAK	-0.001122355
MASP2	-0.001122412
UCHL5	-0.001122501
GPAM	-0.001122626
SACS	-0.001122775
TRAF3IP2	-0.001122997
PRDM10	-0.001123139
LGR4	-0.0011232
FRS2	-0.001124088
EPB41L2	-0.001124613
HSPA1L	-0.001124766
SPG21	-0.001124921
PSMG1	-0.001125061
PRKACA	-0.001125495
SENP2	-0.001125858
NBEAL1	-0.001125893
IFT81	-0.001126285
TGS1	-0.001126309
TMEM116	-0.001127078
ATG4C	-0.00112774
ACADSB	-0.001127993
HPSE2	-0.00112812
VPS36	-0.001129388
FKBP9	-0.001129993
TFAM	-0.001130261
ERC1	-0.001130877
TMED7-TICAM2	-0.001131017
PTGR1	-0.001132099
MTIF2	-0.001132829
THUMPD2	-0.001134313
ZNF516	-0.001134423
GOLGA1	-0.001134449
UBXN2A	-0.001135429
RTP4	-0.001135548
TRABD	-0.001136588
FAR1	-0.001137288
ABCB7	-0.001137414
PPIL3	-0.001137543
ZNF678	-0.00113773
AZIN1	-0.001138468
KCTD18	-0.001138992
FRMD4B	-0.001140018
RBM19	-0.00114034
ZNF250	-0.001140592
AVIL	-0.001140983
HIF1A	-0.00114099
TARDBP	-0.0011412
CDRT4	-0.001141617
CNTROB	-0.001142493
TRNAU1AP	-0.001142567
PCDHGA12	-0.00114264
IFT172	-0.001143018
AMDHD2	-0.001143026
TMEM220	-0.001143301
ANKRD44	-0.001144259
WDR12	-0.001144875
MAP3K6	-0.001146384
RAB11FIP2	-0.001147584
MMP2	-0.001147941
MRPL10	-0.001148187
CLYBL	-0.001148712
POGZ	-0.001148829
HDAC5	-0.001149229
FBXL8	-0.001149296
NXT1	-0.001149307
HSPB3	-0.001149766
HOXB4	-0.001149825
MFSD14B	-0.001150188
FECH	-0.001150561
EML4	-0.001150815
APOA5	-0.001151839
UCK2	-0.00115223
HDGFL2	-0.0011525
PIGU	-0.00115304
ATP6V0A2	-0.001153074
FBXO11	-0.001154205
PRPSAP1	-0.001154308
SERPINB8	-0.001154704
RAB27A	-0.001155572
POLR2M	-0.001156102
OR2A7	-0.001156554
ZNF652	-0.001156612
DPYSL2	-0.001157701
UIMC1	-0.001158544
ZNF703	-0.001158695
MMS19	-0.001159169
THRAP3	-0.00116026
ZYX	-0.001160458
RPRD2	-0.001160931
CENPC	-0.001161668
MGST2	-0.001162203
NELFA	-0.001162284
DDX54	-0.001162564
SART1	-0.001162595
SEC22C	-0.001163018
FOCAD	-0.001163424
TMEM256-PLSCR3	-0.001163667
HEY2	-0.001163849
NSMCE3	-0.001164625
ZXDB	-0.001164745
TMEM19	-0.001165385
MAT2B	-0.001165442
ZBTB48	-0.00116559
ZNF836	-0.001165758
TAPBPL	-0.001167777
C2orf74	-0.001168031
PLGRKT	-0.001169396
AGAP1	-0.001169532
ARF5	-0.001169534
PANK1	-0.001169889
DPF2	-0.001171118
PPIE	-0.001171396
TAF7	-0.001171621
NUMA1	-0.001171622
SPRED2	-0.001171849
PPID	-0.001171966
SUMO3	-0.001172404
CPE	-0.001174097
RAB11FIP1	-0.001175001
RBM10	-0.001175034
EIF4B	-0.001175606
CRTC1	-0.001176464
FAM204A	-0.00117698
DCTD	-0.001178589
VPS13D	-0.00117872
ZNF212	-0.001179146
TGFBR1	-0.001179527
ARHGEF11	-0.001179707
YBX2	-0.00118031
TRIM14	-0.001180373
MORN1	-0.001180814
KLHL26	-0.001180965
PSD3	-0.001182885
MYLIP	-0.001182934
ARL4A	-0.001183015
TBC1D4	-0.001183271
FLVCR1	-0.001184459
MRPL3	-0.001184801
PRDM1	-0.001184804
TTF1	-0.001186276
NUDT12	-0.001186925
ZBTB37	-0.001186927
BLVRB	-0.00118706
MSMO1	-0.001187121
STX8	-0.001187675
MLLT6	-0.001188011
ZSWIM1	-0.00118868
PPT2-EGFL8	-0.00118928
HSPA14	-0.001190992
PACS1	-0.001191585
EEF1A1	-0.001192316
PELI3	-0.001193853
ZNF680	-0.001194103
GNRH1	-0.001194555
MRPL42	-0.001194969
C17orf67	-0.001195076
GNB4	-0.001195148
ZNF33B	-0.001195951
NOP53	-0.001196301
KLHDC2	-0.001198636
USP2	-0.001200508
FUT6	-0.001200695
NOL10	-0.001200906
ZNF341	-0.001201027
COPS3	-0.001201364
EXOC6	-0.001201455
GYG1	-0.001201805
HDAC2	-0.001201818
KRBA2	-0.001202288
AGPAT5	-0.001202577
IL6R	-0.001203338
RASGEF1A	-0.001203526
EXT1	-0.001203749
SLC4A8	-0.001203758
KIF27	-0.00120428
ZNHIT3	-0.001204659
HPF1	-0.001205179
WDTC1	-0.001205299
MARF1	-0.001205412
MTUS1	-0.001206376
ALDH16A1	-0.00120689
ZSCAN26	-0.001207278
MAGEA12	-0.001207633
FZD6	-0.001207818
PRPF31	-0.001208107
RBSN	-0.001208587
IMMT	-0.001208808
PCDHGA5	-0.001209071
RUNDC3B	-0.001209916
MRPL24	-0.001210069
SFR1	-0.001210408
MRE11	-0.001210447
GCGR	-0.001210553
C1QTNF5	-0.00121141
PACRG	-0.001211981
CLEC7A	-0.001213223
KBTBD7	-0.001213264
CCDC85B	-0.001213757
COX18	-0.001213892
TAF1A	-0.001214804
GNG5	-0.001215232
TRAK1	-0.001216755
ATP5MC2	-0.001216831
PLK5	-0.0012174
LCA5	-0.001217783
FAM149B1	-0.001218676
POGK	-0.001218743
SLC36A4	-0.001219127
SEC16A	-0.001219592
PPRC1	-0.001219806
BVES	-0.001220213
FAM13A	-0.001220806
PAFAH1B1	-0.001221221
SFRP4	-0.001221394
INVS	-0.001221512
MICAL3	-0.001221806
FAH	-0.001222154
PPCDC	-0.001222211
MRPL20	-0.001222237
TMOD3	-0.001222997
SERAC1	-0.001223771
NPHP4	-0.001224437
ASF1A	-0.001225023
ZNRF2	-0.001225043
COL4A1	-0.00122524
CPT2	-0.001225908
BLOC1S1	-0.001226411
MECP2	-0.001226706
TLNRD1	-0.00122721
PLEKHF1	-0.001227601
BCL7A	-0.001228718
MMGT1	-0.001229275
WDR24	-0.00122963
REPS1	-0.001229784
AHNAK2	-0.001229805
EHBP1	-0.001230305
SMCR8	-0.001230319
PRELID2	-0.001230409
ZBED4	-0.001231146
CLUAP1	-0.001231313
DIAPH2	-0.001231389
PHKG1	-0.001231686
DIDO1	-0.001231711
CDK2AP2	-0.001231774
DHX57	-0.001232496
TERF1	-0.001232647
ATRIP	-0.001232839
TBL1XR1	-0.001232949
RBM38	-0.001233587
AGK	-0.001234011
PIP5K1B	-0.001234379
MMUT	-0.001235009
RFXANK	-0.001235703
HSPBP1	-0.00123626
PFKP	-0.001236428
NLRP10	-0.001236482
ZBTB26	-0.001236559
DHX8	-0.001236924
NAPA	-0.001237193
ODC1	-0.001237862
MFSD6	-0.001238473
CTIF	-0.001238851
MIEN1	-0.001239873
KMT2A	-0.00124018
CASC3	-0.001240785
R3HDM1	-0.001241268
ZNF182	-0.001242134
ARL6IP1	-0.001242189
BLOC1S5	-0.001242301
TNFAIP8	-0.001242703
RGS12	-0.001243117
SLC35A4	-0.001243151
FAT1	-0.001243368
KCNN2	-0.00124415
MTA3	-0.001244303
LRRC45	-0.00124524
TSEN2	-0.001245441
PIK3R4	-0.001245714
UBL7	-0.001246702
CCDC134	-0.001247156
WDR54	-0.001247273
TANC2	-0.00124752
TMEM240	-0.001247789
EBNA1BP2	-0.001248059
LEO1	-0.001248274
TRMT5	-0.001248281
MRRF	-0.001248899
WNT5A	-0.001250256
FAM149A	-0.001250366
MTMR2	-0.001250511
NSUN5	-0.001253817
RPUSD2	-0.001253851
RALY	-0.001253938
YY1AP1	-0.001254429
POC5	-0.001254781
KIAA1143	-0.001254786
RCC1L	-0.001254878
NT5DC3	-0.001255236
PRKDC	-0.001255421
BOD1	-0.001255543
PMP22	-0.001255811
AKT2	-0.00125664
FOXJ3	-0.001257997
PDE7A	-0.001258253
RNF38	-0.00125884
PSMF1	-0.00125891
TMEM196	-0.001259309
NABP2	-0.001259581
ADCY9	-0.001261751
CDK15	-0.001262652
ZNF385A	-0.001262736
EXOC6B	-0.001262873
TBX10	-0.001265108
PPP4R1	-0.001265547
IFT27	-0.001265659
NCKIPSD	-0.001267352
CNDP2	-0.001267605
CDKN2D	-0.001267885
NNT	-0.001267923
UQCC2	-0.001268213
CCDC12	-0.001269141
ZNF398	-0.001269277
SMAD2	-0.001269914
LGALS7B	-0.001269968
ACER3	-0.001270091
GNL3L	-0.001270376
UBE3B	-0.001270819
ASB13	-0.001271146
SH3D19	-0.001271881
IRS2	-0.001272977
EFCAB11	-0.001273178
DHRSX	-0.001273869
ATP11C	-0.001274259
DHRS4	-0.001274823
LANCL2	-0.001275639
KATNA1	-0.00127652
BCL2L12	-0.001277682
IDH3G	-0.001278659
DBI	-0.001278811
NGDN	-0.001279107
CBLL1	-0.001279441
KDM6A	-0.00127951
FUT1	-0.001280784
GTF3C2	-0.001280838
ZFAND2B	-0.001281328
STOX2	-0.001281517
SLBP	-0.001281818
ARMH3	-0.001282053
MYBPC2	-0.001283187
TTBK2	-0.001283449
MYO1C	-0.001283964
KCNJ9	-0.001284377
LRCH1	-0.001284505
SNW1	-0.001284711
RTF1	-0.001284777
ZNF613	-0.001285577
BRIX1	-0.001286365
PLEKHO1	-0.00128659
GBP4	-0.001288434
NACAD	-0.001289774
ATXN10	-0.001289916
CTF1	-0.001290398
TMUB1	-0.001290921
TAF5L	-0.00129118
NELFE	-0.001291263
ST3GAL1	-0.001291459
CKMT1B	-0.001292454
LUZP1	-0.001292838
ZNF155	-0.001293778
CTU1	-0.001293894
COX10	-0.001294016
C12orf43	-0.001294356
PALB2	-0.001294777
ARHGEF18	-0.001294967
SRF	-0.001295685
IFIT5	-0.00129672
POLR2J2	-0.001297603
ANKRD16	-0.001299668
ICE1	-0.001300067
VPS51	-0.001300282
SOX6	-0.001301138
MICB	-0.001301202
HDDC3	-0.001301373
PATL2	-0.001301671
KMT5A	-0.001302003
ZFP1	-0.001302323
FUBP1	-0.001302358
HEXIM2	-0.001303172
ZNRF3	-0.001303951
LMTK2	-0.001305553
PITRM1	-0.001305944
C21orf91	-0.001306415
FAM135A	-0.001306417
THOC7	-0.001306803
MESP1	-0.001307015
CCDC22	-0.001307219
UBXN2B	-0.001307667
GABPB2	-0.001307864
ACAD10	-0.001308365
LDAH	-0.001308548
POMGNT2	-0.001309446
MSRB1	-0.001309499
SMARCC1	-0.001309824
PCSK4	-0.001310559
SP3	-0.001310889
ACSF2	-0.001311115
LRFN2	-0.001311293
DCAF11	-0.001312088
OSGEPL1	-0.001312457
PRDM2	-0.001312548
PTPN2	-0.001312698
CUTC	-0.001312784
POLR2J3	-0.001312908
MRPS27	-0.001312999
TGIF1	-0.001313217
ZBTB44	-0.00131334
FNTB	-0.001313373
DIPK2A	-0.001313626
NELFB	-0.001314179
ZNF777	-0.00131456
EIF2A	-0.001314668
SERBP1	-0.001315621
MTRR	-0.001315716
FAM111B	-0.001317162
ARHGEF6	-0.001317228
SLC35B4	-0.001317598
UBA2	-0.001318817
MEX3D	-0.001318927
THAP11	-0.001320936
NXPH4	-0.001321207
LIX1L	-0.001322555
HIF3A	-0.001322887
UBE2L3	-0.001323963
SLC25A15	-0.001323982
CENPS	-0.001324651
ZNF142	-0.001328043
PITPNC1	-0.001328592
GRWD1	-0.001328637
MAGI2	-0.001330072
PRUNE1	-0.001331879
PLEKHA5	-0.001332572
QRICH2	-0.001333376
ETHE1	-0.001333558
BNC2	-0.001334383
PLAGL1	-0.001336739
GRAMD2B	-0.001337208
TBC1D1	-0.001337928
INIP	-0.001338016
ATP8B2	-0.00133877
DLGAP1	-0.00133989
PPIH	-0.001340086
POLR2D	-0.001340652
G3BP1	-0.0013409
PLEC	-0.001340943
NCBP3	-0.001343491
SUCLG2	-0.001343754
SPIN1	-0.00134416
MTR	-0.001344239
KIRREL1	-0.001344316
SAP25	-0.001344902
GLCE	-0.001344967
CCDC59	-0.001345397
PEX5	-0.001346121
FOXO3B	-0.001347632
MECR	-0.001348864
SYT15	-0.001350381
PIGW	-0.001350382
MTHFS	-0.001351282
OXNAD1	-0.001351638
NECTIN3	-0.00135218
CROCC	-0.00135287
SRP68	-0.001353174
PCDHA6	-0.001353264
MBD2	-0.00135354
SMDT1	-0.001354314
PPP3CB	-0.001356179
LPCAT2	-0.00135671
YWHAH	-0.001357316
ARHGAP42	-0.00135749
LARS2	-0.001359339
DVL1	-0.001361275
SEMA4C	-0.001361828
CWC22	-0.001363257
SETD2	-0.001363777
FMR1	-0.001363988
SAMD1	-0.001364764
RAB31	-0.001364966
ZMYM3	-0.001366222
ZNF521	-0.001366679
S100PBP	-0.001368174
RAPGEF5	-0.001368942
CYB5B	-0.001370284
WDR7	-0.001370335
ZNF281	-0.001370443
SREBF2	-0.001370531
FARSB	-0.001370863
FBXO21	-0.001371708
ADORA2B	-0.001371729
SPATA33	-0.001371749
FHDC1	-0.001372898
TTC7A	-0.001372912
CLIC6	-0.001372921
BRD8	-0.001374796
EEF1AKMT2	-0.001374931
AKIRIN2	-0.001375472
WIPF1	-0.001376419
TCERG1	-0.001377504
SIRPB2	-0.001378186
NIPSNAP2	-0.001378362
RNPEP	-0.001379407
NIF3L1	-0.001379439
IRAK1	-0.001380411
ZMAT5	-0.001381358
USP54	-0.001381843
DZIP3	-0.0013845
KPNB1	-0.001385656
TTC21B	-0.001386098
ZNF580	-0.0013863
MGA	-0.001387355
MRPS7	-0.001387394
MED27	-0.001387933
RBM12B	-0.001389347
ATIC	-0.001389524
CEP44	-0.001389654
TRAM1L1	-0.001390043
SDHAF3	-0.001390221
CCT5	-0.001390738
CWC27	-0.001391567
FCHSD2	-0.00139174
SLC6A6	-0.001392353
LZIC	-0.001392771
SSBP3	-0.001393158
IGFBP6	-0.001395239
COPG2	-0.001396317
TXNRD1	-0.001396919
ARHGAP21	-0.001397275
DYRK1A	-0.001397966
COMMD4	-0.001398506
AIMP2	-0.001398926
RPTOR	-0.001399073
RCC2	-0.001399658
ZNF407	-0.001399738
EYA3	-0.001400973
ZNF275	-0.001401602
NUP205	-0.001401676
RPP30	-0.001402414
ZNF345	-0.001403986
ACAA2	-0.001404095
KDM3B	-0.001404118
HSD17B11	-0.001404202
ANAPC10	-0.001404285
SNX5	-0.001404824
SAFB	-0.001404904
MRPL46	-0.001405497
APPL1	-0.001406431
TET2	-0.001407597
THEM6	-0.001407913
NOB1	-0.001408183
HNRNPAB	-0.001408358
ZFP69B	-0.001408562
RIN1	-0.001409499
CYP51A1	-0.00141002
FAM180A	-0.001410085
RERE	-0.001410099
SPANXC	-0.001410208
ACBD4	-0.00141088
ZNF17	-0.001411086
NPM1	-0.001413186
EFTUD2	-0.001414466
METTL2B	-0.001415265
ATXN2L	-0.001415327
EIF1	-0.001417089
AOC1	-0.001418501
SQLE	-0.001418738
PAN3	-0.00141899
CPSF3	-0.001419527
RAB36	-0.001420295
TLR5	-0.001420576
ZNF609	-0.001420985
CCDC60	-0.001421086
PSMG2	-0.001422476
MEIS3	-0.00142278
MYADM	-0.001423238
ZRANB1	-0.001424951
PBDC1	-0.001425474
C11orf68	-0.001425962
PIEZO2	-0.001426136
TDRD9	-0.001426696
PPP1R3D	-0.001427028
EHMT2	-0.001427288
GEMIN6	-0.001427546
NSFL1C	-0.001427689
FAM111A	-0.001428014
CEBPB	-0.001429109
CYB5A	-0.001430426
ERI3	-0.001431132
MED25	-0.001431507
MILR1	-0.001431942
SFPQ	-0.001431945
NKX2-1	-0.001432195
DERA	-0.001432346
TMEM214	-0.00143404
THTPA	-0.001434046
FAM117B	-0.001435387
EDC4	-0.001435529
SLC35D1	-0.001435789
PTCD2	-0.001435988
PAQR3	-0.001436387
VNN2	-0.001436496
WDR90	-0.001437586
CEP63	-0.001439144
NRSN2	-0.001440702
RBP2	-0.001441108
NME6	-0.00144113
ERAP2	-0.001441973
CCAR2	-0.001443324
SNRPA1	-0.001443495
NSD1	-0.001443725
ETV6	-0.001443847
NAPRT	-0.001444972
PMF1-BGLAP	-0.001445974
NRDE2	-0.001447643
ZXDC	-0.001447925
AFDN	-0.001448332
ZBTB20	-0.0014487
C9orf40	-0.001449247
EFCAB7	-0.001451391
FBRSL1	-0.001451412
JAK1	-0.001451437
PHF13	-0.001451496
MRTO4	-0.001452224
GDAP1	-0.001452794
PPIL2	-0.001452973
KIAA1549L	-0.001453114
SVBP	-0.001455617
ATF7	-0.001455651
KLHL29	-0.001456077
TFF1	-0.001456187
FLOT1	-0.001456286
MAP1B	-0.001456609
LRRC37B	-0.001456646
RNPS1	-0.001456653
FAM120A	-0.001456707
WDR35	-0.001457022
OTULINL	-0.001457056
PPP5C	-0.001457132
PDCD2L	-0.00145802
REL	-0.001458261
ICE2	-0.001460244
TSKU	-0.001461904
DDC	-0.001464199
DCAF15	-0.001465359
ARMC9	-0.001465957
MPRIP	-0.001466806
ZC3HC1	-0.001466831
IDE	-0.001466923
CDH16	-0.001466957
GSTP1	-0.001467572
CREB3L2	-0.001469031
SLX1B	-0.001470286
WDR38	-0.001470693
RNGTT	-0.001470701
B3GALNT1	-0.001472399
SLC25A10	-0.001473302
MOSPD3	-0.00147439
ESR2	-0.001475173
TCP11L2	-0.001476328
SGMS1	-0.001476528
APOL4	-0.001477223
SETX	-0.001477505
PCGF6	-0.001477765
CACHD1	-0.00147843
PYGO2	-0.001479121
USP30	-0.001479831
CYP4V2	-0.001480551
WWOX	-0.001480891
STRN	-0.001481022
ADSL	-0.001481255
TRIM5	-0.001481328
TIMM9	-0.001481817
MINDY1	-0.00148362
MAST3	-0.001483867
MED12	-0.001484053
MPP3	-0.001485563
ANKRD13A	-0.00148675
CHRNA4	-0.001486941
SGPL1	-0.001488369
MIDN	-0.001489043
ROCK2	-0.001489081
TBP	-0.001489567
HABP2	-0.001489967
PPM1L	-0.001490341
H6PD	-0.001490604
NCOA1	-0.001491342
DHFR2	-0.001492332
MAPK7	-0.001492341
CDX2	-0.00149297
RNF220	-0.00149376
ZNF747	-0.001494352
SERPINB9	-0.001495514
SPINT2	-0.001495734
STOML2	-0.001496449
NOL12	-0.001496713
EIF2B2	-0.001497617
GPD2	-0.00149786
FAHD2A	-0.001498307
GJC1	-0.001499496
NR4A3	-0.001499548
DHX35	-0.001500555
SUMO2	-0.001500866
PRPF4	-0.001501651
PCDHGB3	-0.001502572
KMT2B	-0.001502676
LHFPL5	-0.001502791
CEP295	-0.001502832
FMOD	-0.0015057
EXOSC10	-0.001506569
OBSL1	-0.001508047
PGBD5	-0.001508726
ANXA11	-0.001508897
S1PR2	-0.001509806
RLBP1	-0.001510048
FRAT1	-0.00151109
EMSY	-0.001511153
UBE3D	-0.001511619
ZNF34	-0.00151292
BCL3	-0.001514531
TRPM3	-0.001515841
RAD1	-0.001518042
SKI	-0.001518225
UTP14A	-0.001518616
GPCPD1	-0.001519609
LSM8	-0.001520617
GTF2H2C	-0.001520725
RTL8A	-0.001521221
PROSER3	-0.00152206
DIPK1A	-0.001522184
CEACAM6	-0.001527716
SIX4	-0.001528073
C2CD3	-0.0015286
NAA15	-0.001529952
TMPRSS4	-0.00153033
PGAM5	-0.00153051
P3H3	-0.001530863
TOP2B	-0.001531219
CHML	-0.00153324
ZNF71	-0.001534342
GNA11	-0.001535294
DTD1	-0.001535462
CPSF6	-0.001536091
CHTOP	-0.001536488
WIZ	-0.001536671
KNOP1	-0.001537474
MAPKAPK5	-0.001539451
SRC	-0.001539793
INO80	-0.001539804
INTS9	-0.001541307
DNAH14	-0.001542388
CRYGS	-0.001543264
CHST3	-0.001543402
ILF2	-0.001543965
RPAP1	-0.001544189
ATL2	-0.001545365
TMEM109	-0.001547713
HDLBP	-0.001548526
ZNF180	-0.001548586
UNC93A	-0.001551525
ATP5MGL	-0.001551775
FOXC1	-0.001552263
EP300	-0.001554172
DIS3L2	-0.001554468
DUS2	-0.001554481
NTMT1	-0.001554887
ZBTB24	-0.001555638
CNNM4	-0.001556936
USP3	-0.001557031
MTCL1	-0.001560863
FOXN3	-0.00156123
FAM76A	-0.001561433
GABPB1	-0.001561917
MED22	-0.001561976
TMEM241	-0.001563008
AKR7A2	-0.001563535
SPANXB1	-0.001563831
HAT1	-0.001564104
SWAP70	-0.001565759
LRCH3	-0.001565811
RB1	-0.001565868
PMM1	-0.001567082
HPS4	-0.001568911
FBF1	-0.001569742
QRSL1	-0.001570488
SF3A3	-0.001571672
PDLIM1	-0.001571715
SPIRE2	-0.001571996
COIL	-0.001572085
SIAH1	-0.001573996
KANSL3	-0.001574725
SPATA2	-0.001574856
OSBPL1A	-0.001577365
HAUS2	-0.001577476
GALK2	-0.001579959
LMO4	-0.001580704
CEP89	-0.00158144
SHOC2	-0.00158158
CUL3	-0.001582446
SH3PXD2B	-0.001582584
SLC35F6	-0.00158293
RIPK3	-0.001583504
PELI2	-0.001584796
RSRC1	-0.001585278
NAF1	-0.001586639
ZNF527	-0.001586874
MAP2K5	-0.001587098
PXMP4	-0.001587757
SAV1	-0.001589902
PLS1	-0.001590453
CDK12	-0.001590521
PAIP2B	-0.001592815
CYB5R4	-0.001593837
MFHAS1	-0.001594123
PANX2	-0.001595189
ZKSCAN2	-0.001597751
VPS35L	-0.001599276
TSHZ1	-0.001600522
RBM22	-0.001600871
HDAC7	-0.001600885
SLC44A2	-0.001601145
HMGCR	-0.001602738
STXBP5	-0.001604095
GEMIN5	-0.001604416
PAICS	-0.001605524
GGT7	-0.001605836
NHLRC2	-0.00160612
ZCCHC3	-0.001606623
ERG28	-0.001608797
BAZ1B	-0.001610895
ZNF629	-0.001610946
ANP32A	-0.001611423
PLEKHG2	-0.001612169
SRPX	-0.001612696
SRGAP2B	-0.001612987
GAB1	-0.001613379
SMC6	-0.001614547
HECTD4	-0.001614633
CHCHD5	-0.001615413
XAGE1B	-0.001615813
CCDC125	-0.001616007
GSDME	-0.001617111
WDR36	-0.001617424
ENTPD1	-0.001617646
ADCYAP1	-0.001619895
DNASE1L2	-0.001620498
DYM	-0.001621947
UMPS	-0.001622612
TULP3	-0.001623619
CARHSP1	-0.001624105
HNRNPL	-0.001624491
ESD	-0.001624711
JHY	-0.001624808
IAH1	-0.001625295
ATP1B1	-0.001625725
SLC35A1	-0.001626968
ARHGEF25	-0.001627331
ZBTB34	-0.001629709
GOLGA8K	-0.001630084
SYNJ2	-0.001630522
ZNF484	-0.001632622
STK3	-0.001633568
KCNT2	-0.001633682
WEE1	-0.001634145
MTMR11	-0.001634313
DAZAP2	-0.001634632
TIMM44	-0.001635206
UGT2A3	-0.001635348
NSD3	-0.001636535
SIVA1	-0.001636658
PHF14	-0.001636714
DPYSL4	-0.001636823
ETNK2	-0.001638363
PORCN	-0.001638885
CDKL5	-0.001640116
MYOM2	-0.001640405
TAMM41	-0.001640784
MTG1	-0.001643472
ULK2	-0.001643555
DDX39B	-0.001644185
NYAP1	-0.001646937
SELENON	-0.001647057
PLCD1	-0.001647194
CDH11	-0.00164772
TANGO6	-0.00164808
PITPNM1	-0.001648359
ZNF879	-0.00164895
PDP2	-0.0016504
ZBTB3	-0.001650719
TRIM15	-0.001650759
RNF5	-0.001650862
ZNF592	-0.001652423
MVB12B	-0.001652818
NEXN	-0.001653258
DOLPP1	-0.001653634
PLIN5	-0.001653745
ME2	-0.001653767
NSL1	-0.001653878
CPEB3	-0.001654122
PKIG	-0.001654175
API5	-0.001654601
DNAJC19	-0.001654605
BRD3	-0.001656393
NFATC3	-0.001658479
UBTF	-0.001658527
CEBPG	-0.001659512
TOMM6	-0.00166024
TNKS	-0.001660507
ID2	-0.001660893
TMEM94	-0.001660995
PRPF40B	-0.001661181
GTF3C4	-0.001662447
TMEM218	-0.001662874
NUDCD2	-0.001663024
LDLRAD3	-0.001664795
ARL17A	-0.001666018
LPIN2	-0.001666166
APEX2	-0.001667717
CCDC138	-0.001667893
PAGR1	-0.001668548
TLN1	-0.001670623
FAM120C	-0.001671558
CENPV	-0.001672081
AP1M1	-0.001673792
MAGEC2	-0.001674142
ZNF658	-0.00167448
MRPS31	-0.001675756
ZBTB5	-0.001676169
PCSK2	-0.001676951
MOXD1	-0.001679718
MRPL23	-0.00167983
LONP1	-0.001680753
SPSB3	-0.001682064
HES5	-0.001682295
HOXD9	-0.001682395
VAC14	-0.001684742
RBBP4	-0.001685419
PKP4	-0.001686353
SART3	-0.001686786
ZNF506	-0.001687591
LETM2	-0.001687902
ZNF154	-0.001689265
NPAT	-0.001689921
IFT140	-0.001690669
FAIM	-0.001691554
ZNF709	-0.001692118
SPANXD	-0.001692202
ABCG5	-0.001692924
GPI	-0.001695981
CEL	-0.001696765
NELFCD	-0.001697147
ECEL1	-0.001697486
ARL13B	-0.001697523
LMO2	-0.001698163
ELF2	-0.001699428
HMCES	-0.00169944
ACSF3	-0.001699549
ITPR3	-0.001700507
ANKFY1	-0.001701276
HTT	-0.001702008
ELAC1	-0.001702285
ZNF775	-0.001702967
STEAP3	-0.00170415
HPRT1	-0.001705802
DCTPP1	-0.001707106
POLR2A	-0.001707551
ZNF783	-0.001707635
THAP9	-0.001707784
ALOX5	-0.001708467
CRYBA4	-0.001709938
NAA16	-0.001711164
MCF2	-0.001711267
WDR97	-0.001712454
HSPB2	-0.001713052
SDHD	-0.001713088
UGT3A2	-0.001713104
CCAR1	-0.001713136
TMEM268	-0.001713418
METAP1	-0.001713562
ZBTB38	-0.001714717
PRPF19	-0.001715486
PMPCB	-0.001716215
TTC39B	-0.001718082
NDUFA9	-0.001718521
PHF5A	-0.001718781
DGCR8	-0.001719046
ARMCX5	-0.001719455
MTA2	-0.00171985
PRPF38A	-0.001722539
HSPA12A	-0.001723134
ZNF571	-0.001724577
XPO7	-0.001724809
LRRC37A	-0.001726202
MCPH1	-0.001726525
DDO	-0.00172765
SLC5A1	-0.001727943
FCRL3	-0.001728774
OSMR	-0.001729287
PWWP3A	-0.001729657
SMPD2	-0.001731001
HDGF	-0.00173117
FARS2	-0.001731711
KLC2	-0.001732456
ALKBH2	-0.001733161
ZCCHC8	-0.001733244
CSAG1	-0.001734913
ZNF396	-0.00173496
AGO1	-0.001735
GLB1L	-0.001735209
EIF2AK4	-0.001735507
BRWD3	-0.001735786
SYDE1	-0.001735822
FLNA	-0.00173636
CRKL	-0.001737436
MORN5	-0.00173787
SAAL1	-0.001738993
WBP11	-0.00173973
INTS14	-0.001740226
ARL17B	-0.001741277
CKAP5	-0.001742351
TSFM	-0.00174252
MVB12A	-0.001743039
CTBP2	-0.001743342
ZNF639	-0.001743659
ADGRA3	-0.001744374
SNRPG	-0.001744422
EDC3	-0.001744616
DNAJA3	-0.001746067
PDCD7	-0.001746264
MAMSTR	-0.001747906
ARHGAP1	-0.001748191
DDAH1	-0.001749716
RASSF2	-0.001751927
NNMT	-0.00175214
ELP3	-0.001754173
MDK	-0.001754338
GLRA2	-0.001755614
PINLYP	-0.001755776
STXBP4	-0.001755887
CRISPLD2	-0.001756681
USF1	-0.001757599
ING1	-0.001757756
FAM104B	-0.001758343
RBFOX2	-0.001758974
XPO4	-0.001759253
PLPBP	-0.00176048
TTLL4	-0.001761048
PDZRN4	-0.001761196
NUP98	-0.001761404
C5orf34	-0.001761663
SLX1A	-0.001763313
SLC38A2	-0.001763505
MRPL22	-0.001765194
UBIAD1	-0.001765324
LIG1	-0.001765568
DGKK	-0.001765602
ACTG1	-0.001765825
BRD7	-0.001766621
VCY	-0.001766865
TASP1	-0.001767495
MIS12	-0.001767516
SLC5A6	-0.00176861
PATJ	-0.001768879
VCY1B	-0.001769999
MUTYH	-0.001770974
CSE1L	-0.001771156
EIF3CL	-0.001771313
KIAA0586	-0.00177203
TJP1	-0.001772284
G2E3	-0.001772455
TLN2	-0.001773093
CCDC85C	-0.001773233
CTPS2	-0.001774428
ASXL2	-0.001776586
NUP153	-0.00177777
JMJD7-PLA2G4B	-0.001778629
AMIGO3	-0.001778969
MCRS1	-0.001779198
GALNT14	-0.001779339
ARHGAP23	-0.001781735
TENM4	-0.001782253
PBX3	-0.00178649
NTS	-0.001787627
MAT2A	-0.001787683
ZNF207	-0.001788006
FN3KRP	-0.001788732
TPGS2	-0.00178998
TMEM164	-0.001789987
C1QTNF3	-0.001790573
RND2	-0.001791119
AMOTL2	-0.001793085
HOXC13	-0.001793682
PDPR	-0.001795173
RPA1	-0.001795403
ACTA2	-0.001795666
CD3D	-0.001798389
HMX2	-0.001798525
PDSS2	-0.001800004
SERPINB4	-0.001800638
SIPA1L1	-0.001801215
FANCF	-0.0018021
CAMSAP1	-0.0018022
CAV1	-0.001802654
TAF3	-0.001802772
LRRC23	-0.001803601
TGFBR3	-0.001803616
ARID5A	-0.001804715
SFSWAP	-0.001806157
ZNF599	-0.001807927
SRRD	-0.001809598
ZSCAN22	-0.001809872
NAGA	-0.001810184
ANKRD13B	-0.001811059
PTMS	-0.001812302
LGI1	-0.001812566
METTL16	-0.001813898
SLC17A2	-0.001814909
ENOSF1	-0.001814946
FAM178B	-0.001815422
CCNB1IP1	-0.001815676
MINDY4	-0.001815795
CCDC6	-0.001817307
SMARCA2	-0.001817892
GLUD2	-0.001819314
ZNF543	-0.001819578
ZNF232	-0.001819728
RILPL2	-0.001820554
UBQLN2	-0.001821183
ADCY7	-0.001821915
CDC23	-0.001821924
ZNF184	-0.001822318
MROH7-TTC4	-0.001822415
SRBD1	-0.001822546
MRTFB	-0.001823218
DIP2C	-0.001823232
CHRNA10	-0.001823531
MRPL58	-0.001823785
GRM4	-0.001824758
METTL2A	-0.001826276
CUL1	-0.001826823
NUDT21	-0.001826943
TAF1B	-0.001828324
NPEPPS	-0.001828537
ZSCAN9	-0.001828918
PRPS1L1	-0.001830348
KLF12	-0.001830885
PSMB2	-0.001832024
MKRN2	-0.001832118
NBPF9	-0.00183269
LPIN1	-0.001833359
PCDHGB1	-0.001833686
PRR14	-0.001834014
ELOVL5	-0.001834275
TDRD3	-0.001834945
HP	-0.001835244
CAMK1	-0.001836162
DOT1L	-0.001836435
KDM8	-0.001836725
ZMIZ1	-0.001837089
TRMT10A	-0.001839163
PDS5B	-0.001839266
ATP6V1E2	-0.001839377
GOT1	-0.00183949
NUBPL	-0.001840117
TTC12	-0.001841666
PITPNM2	-0.00184183
TOPBP1	-0.001842739
PARP6	-0.001844021
TIFA	-0.001844042
RXYLT1	-0.001844329
TRIOBP	-0.001844919
OXTR	-0.001845532
TNFAIP8L3	-0.001846227
GJB6	-0.001846728
STPG1	-0.001848608
PDE4D	-0.001848881
PPIP5K1	-0.001849667
TUBB4B	-0.001850246
UBE4B	-0.001851089
MANEA	-0.001851627
SNRPF	-0.00185172
PGAP1	-0.001853425
RFX1	-0.001853737
WDR5	-0.00185622
RIF1	-0.001856568
AFAP1L1	-0.001857139
SETDB2	-0.001857202
HS3ST3B1	-0.001857816
PTBP1	-0.001859146
ACKR4	-0.001859495
SMPDL3B	-0.001860912
SNTB2	-0.001861814
COQ7	-0.001861938
SCAI	-0.001862844
WASF3	-0.001864266
MARCKS	-0.001864437
BCOR	-0.001864938
NFYB	-0.001866519
DENND2A	-0.001867822
JMJD7	-0.001868284
ZNF74	-0.00186901
WARS2	-0.001869591
WTIP	-0.001869742
EIF3F	-0.001870099
TENT4A	-0.001872296
ZW10	-0.001872334
ZNF486	-0.001872585
ZNF8	-0.001873236
CIC	-0.001873674
TMCO4	-0.001873689
CACNB3	-0.001873837
ZNF445	-0.001876514
LRFN1	-0.001880104
NUDT6	-0.001880759
MIPEP	-0.001882365
PIK3R2	-0.00188239
IRS1	-0.001882493
OLR1	-0.001883401
ZNF236	-0.001883711
XPNPEP3	-0.001883793
NUP88	-0.001884644
CTDSP1	-0.001884897
PPP1CC	-0.00188703
PCCA	-0.001887871
MLST8	-0.00188929
CREB1	-0.001889647
ATAD3C	-0.001889945
NSMCE4A	-0.001890261
APOH	-0.001891552
GABRA1	-0.001891709
ZFP3	-0.001892181
CYTH3	-0.001893912
WNT3	-0.001894513
RPGR	-0.00189471
ATPAF1	-0.001894992
NUP35	-0.00189527
SIRT1	-0.001895618
ZWILCH	-0.001895678
SUPT16H	-0.001897064
DENND6A	-0.001898121
USP39	-0.001898152
SMARCAL1	-0.001899319
MED12L	-0.001899796
HNRNPUL2	-0.001899891
ZNF829	-0.001900935
ALG14	-0.001901511
UST	-0.001902962
MRPS17	-0.001902998
SLC17A1	-0.001903142
CASP6	-0.001903199
ZNF662	-0.001903575
UTP4	-0.001905731
RASGRP1	-0.001907001
TCHP	-0.001907468
GNAL	-0.001907886
UBOX5	-0.001908077
SCAP	-0.001909874
KLK5	-0.001910234
USP31	-0.001911423
ATF4	-0.001911623
DOCK9	-0.001914196
HES6	-0.001914881
ATF1	-0.001915813
RAB11B	-0.001916264
ENOX2	-0.001916835
TIAM2	-0.00191691
DNAJC9	-0.001918315
ILKAP	-0.001919583
SCLY	-0.001919889
ZC3H14	-0.001925609
TBX3	-0.001925746
MRPS15	-0.001925797
PHKA2	-0.001926583
RBM27	-0.001926613
HECW1	-0.001928797
TAF6L	-0.001929993
IMPDH2	-0.001931673
TAF9B	-0.001931746
C1QTNF6	-0.001933261
NEUROG2	-0.001933631
VAPA	-0.001934385
GPATCH1	-0.001935621
XPOT	-0.001936996
ALPK1	-0.001938401
ZFP64	-0.001940433
MDM1	-0.001941384
SLX4	-0.001941569
GCK	-0.001941741
GEMIN7	-0.001942587
POGLUT3	-0.001943688
FHOD3	-0.001944284
FAM98B	-0.001944863
MANEAL	-0.001945003
HMGN4	-0.001945961
CALN1	-0.00194785
CETN3	-0.001948427
RNF123	-0.001948588
GATAD2B	-0.00194926
CERK	-0.001950001
TTC31	-0.001951266
ARAP3	-0.001951846
FAM83F	-0.001952384
ZNF532	-0.001953603
ZC3H3	-0.001954054
NUFIP1	-0.001956221
TESK2	-0.001958646
HGH1	-0.001960041
ELOVL6	-0.001960188
DONSON	-0.001960434
DMAC2	-0.001960492
RAD18	-0.001960694
GOT2	-0.001960697
ZC3H18	-0.001961178
CPSF7	-0.001963691
PGD	-0.001963956
TTLL5	-0.001964165
PYGO1	-0.001964525
EMD	-0.001965069
REXO1	-0.001965832
APEX1	-0.001966324
CHERP	-0.00196646
SLCO4C1	-0.001967173
OSBPL10	-0.001967559
SMIM39	-0.00196768
NEK4	-0.001968496
RBBP8	-0.00196918
TRIM24	-0.001970037
MLLT10	-0.001970973
CRTC2	-0.001971325
MRPL1	-0.001971369
R3HDM2	-0.001972905
PROCA1	-0.001973364
SUPT3H	-0.00197373
SEMA5B	-0.001974051
POTEI	-0.001974639
ANTXR1	-0.001974668
L2HGDH	-0.001976962
GUF1	-0.001979105
PRMT3	-0.001979609
AQR	-0.001979651
NUCKS1	-0.001979693
ASH2L	-0.001979891
PTBP2	-0.001980869
DMBX1	-0.001984136
PPM1B	-0.001985497
FGFR3	-0.001986117
TGIF2	-0.001986331
ABRAXAS1	-0.001986507
HCN3	-0.00198781
NUDT15	-0.00198823
DYRK4	-0.001989204
RIN2	-0.001989592
CYP26A1	-0.001991263
ZNF202	-0.001991471
LATS1	-0.001991792
ADAT3	-0.001992986
MAOA	-0.00199367
CEP57	-0.001993731
EIF2S3B	-0.001993885
GTPBP6	-0.001994794
PARD3	-0.001995636
C15orf61	-0.001995802
DFFB	-0.001996533
ILK	-0.001996873
CLCN6	-0.001998624
B3GNT3	-0.001999391
TENT5C	-0.002001148
SF3B4	-0.002004728
THAP12	-0.002005336
AP4S1	-0.002007352
CHST9	-0.002007504
SRGAP2C	-0.002007752
NIPAL4	-0.00200791
MICAL2	-0.002008116
KLC3	-0.002009202
ZDHHC13	-0.002009611
MAD2L2	-0.002011666
ELAVL1	-0.002012319
TNFSF13	-0.002013291
XRCC3	-0.002013458
SHOX2	-0.002013801
RNF222	-0.002014063
FUT10	-0.002014214
NUP214	-0.00201494
BTBD3	-0.002015645
SSH3	-0.002015677
ISCA2	-0.002015715
INTS4	-0.002016197
FDCSP	-0.002016641
MLH1	-0.002017243
EXOSC9	-0.002018125
MAGED4B	-0.00201857
C17orf75	-0.002018757
C1S	-0.002019124
DCK	-0.002019536
MPPED1	-0.002019647
CBS	-0.002019709
SUN3	-0.002019854
LYZ	-0.002020297
RNASE4	-0.00202056
CALCB	-0.002020732
EHMT1	-0.002021314
NETO2	-0.002023396
GTF3C5	-0.00202407
ALDH4A1	-0.002025402
ACTL6A	-0.002025562
CDK2	-0.002026705
CNOT7	-0.002027098
ZNF530	-0.002030228
VILL	-0.002030688
PCDHGA8	-0.002031494
UBE2E3	-0.002033391
LYSMD1	-0.002034129
STK24	-0.002034336
CIZ1	-0.002034814
RNF150	-0.002036931
ULK4	-0.002037337
HMGXB4	-0.002037734
ARHGEF16	-0.002038565
TRO	-0.002039244
HIRA	-0.002039467
MCU	-0.002039943
GEMIN2	-0.002040339
CARD18	-0.002041401
RAB40C	-0.002042855
ATAT1	-0.002044549
DIAPH1	-0.002045555
IDH2	-0.002045888
MAML2	-0.002048462
NONO	-0.002048823
ZHX1-C8orf76	-0.002049255
TMEM154	-0.002049279
SERPING1	-0.002050108
SNX7	-0.002050362
PAK1	-0.002053229
RHOBTB2	-0.002053935
WDR31	-0.002055523
SF3B3	-0.002058256
PI4KA	-0.002059347
APOOL	-0.002060736
DHX33	-0.00206112
MVD	-0.002061728
TMEM203	-0.002061749
THAP10	-0.002062128
HSPB6	-0.002062552
KCNA6	-0.002064008
ZSCAN5A	-0.002064083
BICRA	-0.002065187
ALG10B	-0.002065599
SLC7A14	-0.002065675
ZNF641	-0.002065745
ZNF77	-0.002066142
PPFIBP2	-0.002069346
EPHB4	-0.002069919
SENP3-EIF4A1	-0.002071872
PKNOX1	-0.002072666
TXLNG	-0.002073395
PPP2R1A	-0.002074047
SLF1	-0.002075113
FBXO48	-0.002075491
AKT3	-0.00207567
PCNT	-0.002075693
HR	-0.002077248
TOM1L1	-0.002077361
MID1	-0.002078164
ECSIT	-0.002079589
STMN4	-0.002080793
TTLL12	-0.002081113
NUDT3	-0.002081145
FAM168B	-0.002082422
SLX4IP	-0.002082673
PPARD	-0.00208305
GPHN	-0.002083752
VCX2	-0.002084337
U2AF1	-0.002084591
NMT2	-0.002087334
CEP97	-0.002087418
NFIC	-0.002088773
YJU2	-0.002090256
SRPK3	-0.002091833
NCOR1	-0.002092521
SAE1	-0.002092805
HOXC5	-0.002092845
LRRC37A2	-0.002093227
C1orf174	-0.002093257
ABCB10	-0.00209408
IPO5	-0.002094293
ADNP	-0.002094816
MYL7	-0.0020953
SPRY1	-0.002095466
C1RL	-0.002096201
CTDSPL	-0.00209839
NUP37	-0.002098659
SESTD1	-0.00209885
LCLAT1	-0.002100658
SEC24C	-0.002100829
FARP1	-0.002102964
AUH	-0.002103238
DCLRE1C	-0.002103605
NHS	-0.002103725
TIPIN	-0.002104382
TSSK6	-0.002104638
NFYC	-0.002106343
METTL18	-0.002109498
DVL2	-0.002110184
FPR1	-0.002110508
RFXAP	-0.002111089
CCDC57	-0.002111748
ITPKA	-0.002112357
AGR3	-0.002112691
POLD2	-0.002112749
PHYH	-0.002112782
ATXN1L	-0.002113007
KIF6	-0.002115194
ZC2HC1A	-0.002117756
MTCP1	-0.002119437
APCDD1L	-0.002121382
ZXDA	-0.002122124
ATG9B	-0.002122301
DENND4B	-0.002122549
MDN1	-0.002123149
ZNF280B	-0.00212338
EIF2D	-0.00212426
USF3	-0.00212462
APPL2	-0.002128652
PTPN9	-0.002129338
KCND1	-0.002129392
MED20	-0.002129733
CDK19	-0.002129907
PACS2	-0.002131233
NUPR1	-0.00213529
CNOT10	-0.00213561
DEPDC5	-0.002135726
ARID3B	-0.002136828
ZNF416	-0.002137882
TOP3B	-0.002140301
NPIPA8	-0.002140641
NCOR2	-0.002140844
TRA2B	-0.002141491
PNMA8C	-0.00214208
ASTE1	-0.002142091
CEP57L1	-0.002142229
FSCN1	-0.002142275
POU2F1	-0.00214228
ATP5MC3	-0.002144528
DNAAF5	-0.002145499
SEMA6D	-0.002146287
PHACTR4	-0.002146492
CBL	-0.002147992
TNS1	-0.002150508
HNRNPA0	-0.002153538
DPYD	-0.0021536
TKT	-0.002154753
PEX10	-0.002157455
PRIM2	-0.00215756
GPRC5C	-0.002158296
C14orf132	-0.002158404
SNTA1	-0.002159203
NPRL3	-0.002159748
LUZP2	-0.002160121
PON1	-0.002160337
LIMD2	-0.002160588
NOTCH1	-0.002161148
CCDC144A	-0.002161777
ATP6V1C2	-0.002161935
LDLR	-0.00216405
RBM15	-0.002164504
NHSL1	-0.00216615
GART	-0.002166497
ADNP2	-0.00216904
SLC4A5	-0.002169905
AIFM2	-0.002170068
IL15	-0.002170263
PRKAG1	-0.00217085
RNF135	-0.002174398
CNOT9	-0.002175126
REEP4	-0.002175308
SMAD9	-0.002177367
FBXO34	-0.002177925
NCOA2	-0.002178261
AP2A2	-0.002178389
IPO9	-0.002178758
DIABLO	-0.002179249
NEBL	-0.002179477
MYO19	-0.002183657
HINT2	-0.002184961
ZNF638	-0.002185864
SLC25A35	-0.002185955
TTF2	-0.002187683
RPUSD3	-0.002188653
GIMAP1	-0.002191059
CARMIL1	-0.002193785
TRIM28	-0.002194272
RARA	-0.002194649
ZFX	-0.002194824
RAE1	-0.002196079
TLX3	-0.002196111
KAT8	-0.002197265
TM4SF5	-0.002198556
SUOX	-0.002199784
SF3A1	-0.00219981
MID1IP1	-0.002201228
INCA1	-0.002201407
TENM2	-0.002201577
FDPS	-0.002201725
TBCD	-0.002201933
SLC1A5	-0.002202699
MED1	-0.002204689
MEP1A	-0.002204917
ERI2	-0.002207598
KHDRBS2	-0.00220808
GPRASP2	-0.002208099
KAT6B	-0.002208602
GLE1	-0.002208947
PAGE2B	-0.002210409
CSNK1A1L	-0.002210986
SERHL2	-0.002211692
POC1B-GALNT4	-0.002212201
B3GNT9	-0.002212405
BCL7C	-0.002213177
SNRNP200	-0.002213483
DAB2IP	-0.002213678
PPP1R3C	-0.00221711
TEDC2	-0.0022183
LHX8	-0.002219425
SENP7	-0.002220303
PTK6	-0.002220534
PRR3	-0.002220744
NEO1	-0.002221714
SH3BP1	-0.002222808
COMMD7	-0.002223383
CLN3	-0.002224192
FH	-0.002225853
CS	-0.002226376
STXBP6	-0.002226993
DOCK1	-0.002228851
GEN1	-0.002229201
SMCHD1	-0.002230545
BACE1	-0.002230782
KDM2B	-0.002230911
MARCO	-0.002231201
HMGCS1	-0.002231542
PTPN23	-0.002236647
TFDP1	-0.002236988
SOX12	-0.002237371
NXT2	-0.00223767
UBAP2L	-0.002239219
TEKT1	-0.002239826
HMGCS2	-0.002239832
PLEKHA2	-0.002240012
CCP110	-0.002240559
CDK14	-0.002241158
ROBO1	-0.002243741
ZNF446	-0.002244364
CCDC97	-0.002245176
NEURL4	-0.002247415
SRSF7	-0.002247612
DDX28	-0.002248594
SPACA9	-0.002249395
CYP20A1	-0.002249399
MAGI1	-0.002250265
COQ8B	-0.002250372
NUP85	-0.002250645
ANKMY1	-0.002250898
DUS4L	-0.002251632
HS3ST3A1	-0.00225377
ZNF667	-0.002256172
GALNT16	-0.002256394
GDPD2	-0.002257033
TNS2	-0.002257807
FIZ1	-0.002261093
ETAA1	-0.002262427
HCFC1R1	-0.002263225
SPIDR	-0.002264075
RPA3	-0.002264876
PARP11	-0.002265069
HNRNPA2B1	-0.002265922
CNOT6	-0.002267752
LPL	-0.002268798
SCAF4	-0.002272929
ZDHHC1	-0.002273745
MAGEA6	-0.002274546
TUB	-0.002274965
ANKRD33B	-0.002275254
C17orf100	-0.002279654
SERPINA12	-0.002279691
USP27X	-0.002282592
PATL1	-0.002283023
ZNF318	-0.002284301
E2F5	-0.002285039
NFIL3	-0.002285842
WWP2	-0.00228602
ARID1A	-0.002286833
NSMAF	-0.002286927
FMO4	-0.002287146
TOR2A	-0.002287501
FAM47E-STBD1	-0.002289143
ZBTB14	-0.002289339
SHROOM3	-0.002289823
HSF2	-0.002290097
OSBPL6	-0.002291251
ANAPC1	-0.002291377
TADA3	-0.002292137
GAGE2A	-0.002292524
IPO11	-0.002293684
TCTN2	-0.002293748
PHLPP2	-0.002293808
OR2A4	-0.002295194
NUAK2	-0.002297023
INTS7	-0.002297267
LRFN4	-0.002301409
ZNF512	-0.002301613
BABAM2	-0.002302187
SARS2	-0.0023024
RAF1	-0.002303638
CNOT3	-0.002305327
GPR173	-0.002307236
C1orf115	-0.0023074
CEP41	-0.002308073
TSPAN2	-0.002308792
RFT1	-0.002309365
KAT6A	-0.002310215
TAF5	-0.002312115
AHCY	-0.002312439
CTXN1	-0.00231251
SLC7A5	-0.00231279
CEP85	-0.002313632
BDKRB2	-0.002314377
BICRAL	-0.00231518
ZNF551	-0.002315209
ARHGEF10	-0.002316729
IGFLR1	-0.002317034
NLN	-0.002317177
PAN2	-0.002318171
RNF168	-0.002318626
FERMT2	-0.002319269
SETD1A	-0.00232037
ECT2	-0.002320749
KIF19	-0.002320885
CMYA5	-0.0023224
CDK16	-0.002323042
ERCC8	-0.002324581
DPH5	-0.002325092
BAALC	-0.002326311
KHDRBS1	-0.002326331
R3HDML	-0.002326503
APBA1	-0.002326997
TMEM209	-0.002327037
PTK2	-0.002328851
SH3PXD2A	-0.002328977
WDR83OS	-0.00233323
LIG3	-0.002334293
RBM15B	-0.002334477
NUTM2B	-0.002336293
DTNBP1	-0.002336325
PPIA	-0.002338727
ALDOC	-0.00234032
COASY	-0.002341178
MIF4GD	-0.002341602
WDSUB1	-0.002344567
MBLAC1	-0.002345228
GP1BA	-0.00234558
CEBPZOS	-0.00234664
LRRC4C	-0.002349264
EEF2KMT	-0.002351026
CEP135	-0.002351832
RBPMS	-0.002352385
GRPEL2	-0.002352992
MAGIX	-0.002353407
SDR39U1	-0.002354912
TAB1	-0.00235778
PRSS3	-0.002358596
KCNRG	-0.00236192
TLE4	-0.002364089
TTC39C	-0.00236437
NR2C2AP	-0.00236481
IRF2	-0.002365483
CTH	-0.002366087
NCOA6	-0.002367714
PAMR1	-0.002368001
RMND5B	-0.002369619
TDP1	-0.002371999
NEMP1	-0.002372357
CHTF8	-0.002372579
POMK	-0.002372817
PRSS33	-0.002372952
METTL17	-0.002373439
NOL9	-0.002374613
ERLIN1	-0.00237488
PTGES3	-0.002375738
RUNX1T1	-0.002378975
TNFAIP8L1	-0.002380849
HMGB1	-0.002381366
FMR1NB	-0.002386262
ARNT2	-0.002386297
OLFM3	-0.00238881
LRRC2	-0.002389774
THUMPD3	-0.002391113
KIF26B	-0.002391734
MAPK1IP1L	-0.002394823
FCER1G	-0.00239485
CEMP1	-0.002394913
KLHL32	-0.002397261
ZNF507	-0.002398067
CCDC88B	-0.00240046
SEMA6C	-0.002402801
HNRNPA3	-0.002403149
VASN	-0.002404634
NPFF	-0.002405435
EEFSEC	-0.002406043
ALDH6A1	-0.00240732
ALK	-0.002407817
PPP2R3B	-0.002408784
OGG1	-0.002409053
NACA	-0.002413056
SPDYE3	-0.00241559
SLC38A1	-0.002417304
CTAGE4	-0.002418863
C1orf210	-0.002420161
SIM2	-0.002420385
LIMD1	-0.002420848
GNE	-0.002422905
ZSWIM4	-0.002423156
GEMIN4	-0.002423174
REP15	-0.002423403
IGFL3	-0.002423917
SYK	-0.002423931
TBC1D31	-0.00242422
PRDM11	-0.002425729
GTF2IRD1	-0.00242616
PLA2G4F	-0.002426416
PPP1R3E	-0.002426499
TUBA1C	-0.002427629
KLF7	-0.002428255
DUSP7	-0.002431586
ALKBH3	-0.002431967
SLIT1	-0.002434203
CNFN	-0.002435191
NPIPB6	-0.002435835
SOCS2	-0.002436154
NRF1	-0.00243678
NUP62	-0.0024368
USP24	-0.002437163
CKMT1A	-0.002438446
BCL9L	-0.002438636
SPEN	-0.002441312
FOXK1	-0.00244168
PKMYT1	-0.002442267
SMPD4	-0.00244418
SAP130	-0.002444397
ABHD1	-0.002444839
GLI2	-0.002445363
SMARCD1	-0.002445797
KIAA0753	-0.002450224
PSMD5	-0.002450312
KAT7	-0.002450858
SREBF1	-0.002450977
GSR	-0.002451596
NCOA5	-0.002451635
CFD	-0.002453572
FDFT1	-0.002455596
NUBP1	-0.002455831
PARP2	-0.002455932
HNF4A	-0.002456375
LCE1E	-0.002457532
MCM9	-0.002458606
TRHDE	-0.002458732
ZBED1	-0.002459996
VANGL1	-0.002461365
FABP3	-0.002463383
EPN1	-0.00246431
SETSIP	-0.002464864
C1orf226	-0.002465267
SPEF2	-0.002466295
ZBTB39	-0.002466674
MSL2	-0.002467233
UTP20	-0.002468068
RFX3	-0.002469538
SYNE3	-0.002471439
SNX30	-0.002473143
SERPINB3	-0.002473925
RABL6	-0.002474274
IFT22	-0.002474547
LIME1	-0.002477648
TTI1	-0.002478844
SMAD4	-0.002479095
MYO1A	-0.002482492
ZNF213	-0.00248266
MRPS2	-0.002483781
PIP4P2	-0.002484712
ANKRD11	-0.002485215
RBM12	-0.002485462
TP53	-0.002486919
SRSF4	-0.002488062
CTDNEP1	-0.002488239
EIF4EBP1	-0.002488845
VEZF1	-0.002491849
NLE1	-0.002492433
CDON	-0.002494554
TIMP4	-0.002495887
QSER1	-0.002496003
ADH5	-0.002496067
NOS2	-0.002498581
STAG1	-0.002500353
ANKRD28	-0.002500847
AJUBA	-0.002501397
SPECC1L-ADORA2A	-0.002502421
SOBP	-0.00250245
SLC7A10	-0.002503189
TBC1D5	-0.002506291
COL21A1	-0.00250708
EHD3	-0.002507116
TMEM53	-0.002510091
GK	-0.002510389
PXDN	-0.002511014
ZNF334	-0.002511332
FAM72A	-0.002514782
SPART	-0.002519034
CEP131	-0.002519269
CEP192	-0.002520202
GRAMD4	-0.002521965
KCTD6	-0.002528821
RSBN1L	-0.002529464
AAAS	-0.002531379
EWSR1	-0.002533111
ATG9A	-0.002534166
EFCAB2	-0.002536594
CHST10	-0.002536901
FGF5	-0.002538609
FES	-0.00254008
SLC27A5	-0.002541439
ZNF362	-0.002541854
PHF24	-0.002542255
HK1	-0.002542549
MAGEE1	-0.00254388
METTL4	-0.002545489
CEBPD	-0.002545582
ELAVL2	-0.002548423
KIZ	-0.002549164
TEAD3	-0.002549971
HNRNPUL2-BSCL2	-0.002551681
CTCF	-0.002556256
NCAPD3	-0.002556555
CMSS1	-0.002556925
FOXP4	-0.002557474
INSR	-0.00255755
SSBP2	-0.002558454
UBE2I	-0.002559309
SOCS3	-0.002559867
DNHD1	-0.002561094
MICU3	-0.002563102
HOXC9	-0.002563609
TMEM191C	-0.002564146
CEP78	-0.002564629
ZSCAN12	-0.002564751
FBXL14	-0.002566709
DSN1	-0.00257005
RTL8B	-0.002570509
SASS6	-0.002571351
NFIX	-0.002573962
EPHA7	-0.002574481
PLCXD1	-0.002574805
ERAL1	-0.002575426
LCORL	-0.002575535
RNPEPL1	-0.002575805
GPC4	-0.002575939
CCNI	-0.002578168
UNC93B1	-0.002580329
SRGAP1	-0.002580586
HCK	-0.002581097
TUBA1A	-0.002581358
ZFPM2	-0.002581957
FAM222A	-0.002583498
ACTL6B	-0.002584442
PDE3B	-0.002585042
CDC14B	-0.002585446
GSTCD	-0.002586505
LRRC49	-0.002587294
ATN1	-0.002590083
RANGRF	-0.002590137
SNRPD1	-0.002590144
HIP1	-0.002590473
CNTD1	-0.00259438
SP4	-0.002595845
SERPINA4	-0.002596101
KHSRP	-0.002597375
SNX18	-0.002600148
ADCK5	-0.002600418
PTK7	-0.002601722
ANKRD35	-0.002601816
CTAGE8	-0.002602274
GATB	-0.002602501
TAF1L	-0.002602812
SPATA24	-0.002605218
TCF20	-0.002606982
ZMAT4	-0.002607724
FLT4	-0.002608828
HSPB2-C11orf52	-0.002609188
EBAG9	-0.002610965
ATP12A	-0.002614454
UBAP2	-0.002616825
MPHOSPH9	-0.002618768
CGNL1	-0.002619028
PARS2	-0.002619201
CTAGE15	-0.002620006
PRRT1B	-0.002623749
CST5	-0.002624008
NFKBIL1	-0.002624165
PRPS2	-0.002624233
MYRF	-0.002624801
KNSTRN	-0.002629853
NSDHL	-0.002632443
LONRF1	-0.002634147
IBA57	-0.002635178
ECI1	-0.002636753
TLE3	-0.002637465
CALHM2	-0.002637782
C17orf107	-0.002637836
BCL9	-0.002638558
SP1	-0.002639002
ATP6V1G2	-0.002642903
ZNF454	-0.002643132
DZIP1L	-0.00264712
STAT5B	-0.002648393
NREP	-0.002648922
DMRTA2	-0.002649186
OSR1	-0.0026492
USP37	-0.002649873
USP4	-0.00265044
SPTBN4	-0.002650476
ALG6	-0.002651611
WDR4	-0.00265462
NYNRIN	-0.00265526
MTHFD1	-0.002656386
IGF1R	-0.002657548
GMPS	-0.002657628
ULBP1	-0.002658432
SCML1	-0.00266005
ABTB1	-0.002660072
TADA2A	-0.002663187
CHD3	-0.002665647
MYO16	-0.002666205
RBM23	-0.002667805
HAUS3	-0.002668764
ZNF70	-0.002669791
CKS2	-0.002672478
EEF2K	-0.002675648
NEDD1	-0.002675665
ISY1	-0.002676229
TMEM132D	-0.002677529
COL14A1	-0.002677631
CSK	-0.002678726
MACROD1	-0.002678829
TMEM18	-0.00268104
TGFB1	-0.00268143
PHGR1	-0.002683041
U2AF1L4	-0.002683387
ZNF630	-0.002684374
GUSB	-0.002684659
RBBP7	-0.002685787
SH3BP4	-0.002686113
PCNA	-0.002686881
SEH1L	-0.002687831
MRTFA	-0.002688176
CCDC34	-0.002688818
POT1	-0.002689169
TUBB8	-0.002691264
JRK	-0.00269564
GRIN3B	-0.002696486
C2orf42	-0.002697012
BCAT1	-0.002697525
ANG	-0.002699508
TENM3	-0.002699826
SEMA4G	-0.00270095
MXD3	-0.00270145
PHF2	-0.00270272
SLC16A7	-0.00270299
TMEM160	-0.002703002
NUTM2D	-0.002703579
GAGE1	-0.002704711
DCAF12	-0.002708016
BMP2K	-0.002708291
HSPE1-MOB4	-0.002708398
ZNF713	-0.002709112
LRRTM2	-0.002717021
MIA	-0.00271866
GMEB1	-0.002722732
NUMBL	-0.002724446
AGO2	-0.00272616
SLC25A19	-0.002726561
ITPKB	-0.00272736
BARHL2	-0.002730786
UBE2S	-0.002731146
CDCA4	-0.002731374
GRK6	-0.002733815
HOPX	-0.00273665
TTI2	-0.002736804
SLC25A5	-0.002736872
PHLPP1	-0.002736951
FOS	-0.002737829
ACTB	-0.002737915
GPX7	-0.002739794
RIMS3	-0.002740521
PAK5	-0.002741585
C1QTNF2	-0.002742431
AQP11	-0.002743158
EP400	-0.002744114
JADE1	-0.002746204
CDKN1B	-0.002746868
IRF6	-0.002747031
NHEJ1	-0.002747385
ALYREF	-0.002751777
EHHADH	-0.002752077
PABPC4	-0.002753503
ZDHHC2	-0.002755403
CSNK2A2	-0.002759708
BLMH	-0.002760383
NUDT19	-0.002760504
POM121	-0.002762204
ZNF710	-0.002763381
LSS	-0.002764162
SPPL3	-0.002764761
CHAMP1	-0.002764813
SCN2B	-0.002766681
ZRANB3	-0.002770666
MYO10	-0.002772305
ELF4	-0.002774198
CDHR1	-0.002775305
MAN1C1	-0.002776129
RASGRF2	-0.002776366
NT5C	-0.00277762
HDAC4	-0.002778001
RHOBTB1	-0.002778459
ARID2	-0.002779427
CASTOR2	-0.002780165
LIN54	-0.002780622
TIGD2	-0.002780985
CLN6	-0.002780991
CDC25A	-0.002782799
SCARF2	-0.00278417
SRGAP3	-0.002784412
RFWD3	-0.002786792
IL17RC	-0.002787025
NR1D1	-0.002788251
SCMH1	-0.002789644
POTEF	-0.002790164
FZD2	-0.002790684
MYZAP	-0.002790891
C2orf88	-0.002791148
RCAN3	-0.002792921
TMTC2	-0.002793588
MUC3A	-0.00279383
TTC7B	-0.00279597
SMYD5	-0.002796386
WASF1	-0.002796466
ZNF414	-0.002799503
TRAPPC9	-0.002800457
CREB3L3	-0.002800501
TUBB	-0.002800961
TTC27	-0.002802455
HNMT	-0.002802629
ZNF511	-0.002803325
HSPA1B	-0.002803837
SERPINB7	-0.002807123
PAK4	-0.002807407
ANOS1	-0.00280796
FOXE1	-0.002808113
CASP2	-0.002808462
HMBS	-0.002809031
MLLT1	-0.002809208
SIN3A	-0.002809709
URB2	-0.002810349
C2CD5	-0.002810428
C16orf46	-0.00281125
OLFML3	-0.002812839
TSEN15	-0.002814592
ADAMTSL5	-0.002816419
ZNF66	-0.00281689
OSBPL5	-0.002817825
EMC6	-0.002820455
CETP	-0.002820651
MED16	-0.002821248
NASP	-0.002821559
ZBTB45	-0.002821753
GYG2	-0.00282308
SFRP2	-0.002826146
CDC42EP4	-0.002826469
TACC2	-0.002826695
MAML1	-0.002827349
PTPN18	-0.002830685
PRR19	-0.002832531
LRP2BP	-0.002833778
KLF13	-0.002833893
HOXB3	-0.002834288
LAMA2	-0.002834777
DENND1A	-0.002834868
HOXA10	-0.002834975
THG1L	-0.002837389
MTHFD1L	-0.002840234
JADE3	-0.00284122
ZFHX3	-0.002841762
RNF112	-0.002842527
RAI1	-0.002843074
C19orf44	-0.002844171
PDE9A	-0.002845808
RXRA	-0.002847927
ZNF717	-0.002848227
COL6A3	-0.002848818
NUTM2A	-0.002848833
SLC7A1	-0.002850681
RTEL1	-0.002851529
MAGEH1	-0.002852185
APBA2	-0.002854628
RTTN	-0.002856688
COLEC10	-0.00285755
TMEM216	-0.002858434
MSRA	-0.002859323
MXRA8	-0.002864757
LIN52	-0.002866436
BEND7	-0.002869064
NCL	-0.002869593
STARD8	-0.002869927
IL1R1	-0.002870141
ARMCX1	-0.002870989
RIMS4	-0.002871047
PIGA	-0.002872254
LINGO1	-0.002872698
ZC2HC1C	-0.002873715
DLG3	-0.002873809
ZNF233	-0.002875415
PCDHGB5	-0.002877545
SUN2	-0.002882422
LRRIQ1	-0.002883354
CEP70	-0.002883594
AS3MT	-0.002883946
SETD1B	-0.002883963
DQX1	-0.002884048
HSPA1A	-0.002886928
SUV39H2	-0.002887892
SNAI3	-0.002889695
FAT4	-0.002892561
MARVELD2	-0.002893038
HS3ST4	-0.002894374
ZNF689	-0.002895549
CARM1	-0.002895594
SERP2	-0.002898633
PEAR1	-0.002899794
ARID1B	-0.002900216
DSP	-0.002900848
HEYL	-0.002904804
STAP2	-0.002906336
GLIS3	-0.002908089
ACTR5	-0.002908718
ICA1L	-0.002909265
HNRNPF	-0.002909808
TOE1	-0.002910691
CPA2	-0.002914924
EHD2	-0.002916081
CAD	-0.002916949
CENPN	-0.002918571
IGSF9B	-0.00292007
MCM10	-0.002921059
GMNN	-0.002921538
ADA2	-0.002921744
LRFN3	-0.00292932
MSH6	-0.002930649
FADS1	-0.002930833
CTSK	-0.002932748
CBLC	-0.002937155
MAGI3	-0.002940294
FGD3	-0.002940357
SETMAR	-0.00294422
MRPL48	-0.002944945
PDSS1	-0.002945362
CC2D2A	-0.002945557
BAHCC1	-0.002947175
CNN2	-0.002948086
DPY19L2	-0.002948131
AK9	-0.00295115
HAUS1	-0.002952954
ZBTB49	-0.00295369
SPECC1	-0.00295411
FANCB	-0.00295501
MTMR4	-0.002955491
PROSER1	-0.002956039
ATXN7L2	-0.002956479
HSD17B7	-0.002956645
ZC3H12B	-0.002956799
RAD54B	-0.002958033
EVPLL	-0.002958519
SNRNP40	-0.002960777
MDP1	-0.002960806
EID3	-0.002962085
ST6GALNAC6	-0.002963323
GAL3ST4	-0.002964131
DLG5	-0.002964989
RBMX	-0.002965131
ARL6IP6	-0.002966287
QRICH1	-0.002966812
ZMYM4	-0.002968513
ZNF132	-0.002971708
KPNA2	-0.002972705
RASA4	-0.002973207
NUP107	-0.002974549
DNAJC27	-0.002975594
CREBBP	-0.002976392
SLC40A1	-0.002977311
DUSP19	-0.002977591
RECQL4	-0.00297821
TBC1D2B	-0.002981159
CADM2	-0.002987416
TCOF1	-0.00298782
KIAA1522	-0.002989159
C8orf48	-0.002990883
ZNF462	-0.00299136
ELOVL4	-0.00299198
HNRNPR	-0.002992179
COL3A1	-0.002993007
EIF5AL1	-0.002994817
HNRNPD	-0.002996249
PRX	-0.002996491
IDH1	-0.002998068
C19orf47	-0.002999569
SV2A	-0.003000628
HLA-DQB2	-0.003001497
MKS1	-0.003002143
TADA1	-0.003003015
FAF1	-0.003004451
CDO1	-0.003004703
ANKAR	-0.003005448
ZNF821	-0.003007384
ZNF562	-0.003008184
RBMS3	-0.003009171
DNAJA4	-0.00300992
DENND2D	-0.003012125
ALMS1	-0.003012843
GLUL	-0.003015041
ASB16	-0.003016431
HNRNPH3	-0.003024137
MAT1A	-0.003031868
HSPBAP1	-0.003032808
ZFP36L2	-0.003032929
FAM217B	-0.003033802
PARPBP	-0.003034217
CBX5	-0.003035767
VGLL3	-0.00303601
INSIG1	-0.003037093
TET3	-0.003039568
SLC24A1	-0.003042971
XAGE1A	-0.003043217
SMC2	-0.003043541
FRRS1	-0.003043554
DCP1B	-0.003047417
ANP32E	-0.003048132
RXRG	-0.003049172
MAP3K4	-0.003049843
WSCD2	-0.003049968
GLIS2	-0.003050391
PRPF8	-0.003053284
CYREN	-0.003053355
ZCCHC14	-0.00305667
NFIB	-0.003056865
TECR	-0.003059417
ILF3	-0.003060859
LRRC8C	-0.003061929
TPM4	-0.003065819
CHTF18	-0.003066951
RAB43	-0.003067449
MAPK10	-0.003069462
SPA17	-0.003071519
PRDM5	-0.003073147
MCM8	-0.003073346
PTPN20	-0.003075272
HAUS7	-0.003075852
RARG	-0.003075944
MFSD4A	-0.003075991
AMTN	-0.003076
CPLX3	-0.00307846
IL3RA	-0.003078768
CCDC146	-0.003082523
NBPF3	-0.003082525
DDX39A	-0.003084593
SMAD1	-0.003086504
TAT	-0.003086636
PDE1B	-0.00308837
NR1D2	-0.003088643
ALG12	-0.003091357
ZFP36	-0.003093249
FEN1	-0.003096117
EBP	-0.003096268
SHLD3	-0.003096588
CHRAC1	-0.003097503
NOC4L	-0.00309786
IL15RA	-0.003098368
DCLRE1A	-0.003100504
SEMA4B	-0.003100764
SRSF2	-0.00310243
XRRA1	-0.003103773
POLR1E	-0.003104188
RASSF9	-0.003110003
MED13L	-0.003115661
ZNF280C	-0.00311626
CTAGE6	-0.003117981
WDHD1	-0.003119242
LAMA1	-0.003120684
EIF3C	-0.003124545
ZNF471	-0.00312489
CDC14A	-0.003126697
RBAK-RBAKDN	-0.003127083
RFC2	-0.003127688
DCPS	-0.003130918
CEP128	-0.003131246
RASL11A	-0.003132006
EFNA5	-0.00313207
RANBP1	-0.003139532
TNXB	-0.003140586
PATZ1	-0.003144575
ZNF93	-0.003148622
ACVR2B	-0.003150712
NPIPB8	-0.003151087
SLC25A21	-0.003156472
SIMC1	-0.003158255
CATSPER2	-0.003158466
ZNF865	-0.003159632
TNRC18	-0.003160579
TUBA1B	-0.003161479
RBMXL1	-0.003165441
LNX2	-0.003166602
BPIFB1	-0.003168567
ZFAND4	-0.003172181
TCF4	-0.003172423
NUTM2E	-0.003172794
PCBP2	-0.003173926
RAB34	-0.003174435
BCL2L11	-0.003176451
OR51B4	-0.003177783
RASA4B	-0.00317944
TMEM143	-0.003181475
TAS2R46	-0.00318636
LARP1	-0.003187383
CDC42EP1	-0.003189666
MCMBP	-0.0031898
TBL1X	-0.003191332
GAREM2	-0.003193977
LCN10	-0.003195092
SOGA1	-0.003195989
CRISPLD1	-0.003196262
RAB11FIP4	-0.003198283
PPP1R26	-0.003199508
MYO1B	-0.00320172
ACACA	-0.003201757
NPIPB9	-0.003202523
SLC47A1	-0.003202806
FASN	-0.003203792
SAMSN1	-0.003205317
PEMT	-0.003206752
LSM6	-0.003209112
SERPINA7	-0.003210227
NR1H3	-0.003213192
FIGNL1	-0.003213672
DPF1	-0.003214948
SIRPB1	-0.00321632
RTN4IP1	-0.003222007
HEPH	-0.003222562
RAB37	-0.003223713
PFAS	-0.0032241
DOK6	-0.003226061
BST1	-0.003226776
RHPN2	-0.003227296
NUP160	-0.003228998
LCNL1	-0.003232879
LTBP4	-0.003233467
MCOLN3	-0.003233506
FMO1	-0.003234235
MB21D2	-0.003237495
RNASEH2B	-0.003240342
FZD1	-0.003241432
CBR3	-0.003245911
FIGN	-0.003246187
ELP4	-0.0032488
CENPJ	-0.003249088
UNK	-0.003249594
DDX11	-0.003249638
USP13	-0.003250992
PPIAL4G	-0.003251771
CELSR2	-0.003253792
PXMP2	-0.003253974
DUOXA1	-0.003256693
TUBB6	-0.003257034
VCAN	-0.003258602
DIS3L	-0.00326022
ZNF205	-0.00326184
ACSS2	-0.00326286
CIB2	-0.003263214
IFT57	-0.003263454
AMER1	-0.003264818
GJC2	-0.003268531
CENPP	-0.003269047
STAT5A	-0.003272784
KCTD3	-0.00327435
GINS4	-0.003274925
FAM72B	-0.003276014
SGO2	-0.003283977
PAXIP1	-0.003284592
CWF19L1	-0.003284799
CCR3	-0.003285292
BRD4	-0.003285976
TRAF7	-0.003291212
KLK10	-0.003291418
MYO3A	-0.003291939
SF1	-0.003293082
FANCA	-0.003300572
LGALS9C	-0.003305058
DTYMK	-0.003305848
GTF2H3	-0.003306262
EGR1	-0.003308531
NPHP1	-0.003308706
ZNF280D	-0.003314416
HNF4G	-0.003314545
TMEM225B	-0.003317101
MAP2	-0.003317534
SEMA3G	-0.003320534
NUP54	-0.003323609
RFC3	-0.003323764
NR3C2	-0.003324292
STARD9	-0.003325945
RAD51B	-0.003327537
GGTLC1	-0.003328054
ANAPC15	-0.003330006
DLC1	-0.003330869
PTK2B	-0.003333498
SMIM10	-0.003335972
CTDSPL2	-0.003336726
PRRX1	-0.003342742
RAB3D	-0.003347219
DZIP1	-0.003347323
C11orf80	-0.00335129
MTFP1	-0.00335591
PBK	-0.00335709
EPHB2	-0.003360203
CA5B	-0.003362139
RNASEL	-0.003365973
TRIM34	-0.003366397
FBN2	-0.003368045
MAGEA8	-0.003369896
GPR137C	-0.003372442
RRM1	-0.003373128
C9orf72	-0.00337414
SOST	-0.003375882
CEP55	-0.003379792
MAB21L4	-0.003395046
MSS51	-0.003398498
COQ2	-0.003400754
MROH7	-0.003403558
TJP2	-0.003403689
PIH1D2	-0.0034092
STK33	-0.003411544
CRYAA	-0.003411545
MED30	-0.003414609
SLC1A6	-0.003414627
RAC2	-0.003414999
PHKB	-0.003415578
NBPF1	-0.003420056
ZNF296	-0.003423018
DPYSL3	-0.003426051
MYH10	-0.003432999
KRT76	-0.003434775
MVK	-0.003434856
TEF	-0.003435381
MT1E	-0.003435964
LECT2	-0.00344271
NPY5R	-0.003446444
TNRC6C	-0.003447559
TMEM262	-0.003450362
UGT2B11	-0.003453848
TREX1	-0.003458109
TMEM106C	-0.003460302
NCAPH2	-0.00346046
PCDHGA11	-0.003461548
ZNF799	-0.003462145
VRK1	-0.003463114
SP2	-0.003465128
ZNF285	-0.003470001
HGF	-0.003472408
ITPK1	-0.003472731
DUT	-0.003475628
LLGL1	-0.003476029
SMC3	-0.003478285
AMPH	-0.003480738
RNF208	-0.003485463
BCO2	-0.00348971
MAP3K5	-0.003493954
ACTA1	-0.003495164
RBM14	-0.003497084
FHL3	-0.003498604
C15orf39	-0.003501389
TLR3	-0.003502298
CEP152	-0.003505734
BLACAT1	-0.003507673
ACADS	-0.003518877
PLAGL2	-0.003519862
CENPK	-0.003524439
ETS2	-0.003531436
CDC42EP2	-0.003534595
N4BP2	-0.003538542
GOLGA8H	-0.003540657
SGF29	-0.003542235
ELL3	-0.003543551
FOXJ2	-0.003545691
CIP2A	-0.003549141
TNNI3	-0.00355019
PSTK	-0.003550541
PAX7	-0.003552095
LIFR	-0.003552165
LSM2	-0.003553127
CCDC65	-0.003554342
BUD13	-0.003554885
CARD16	-0.003556703
SGCE	-0.003557561
UBR7	-0.003560048
LDB2	-0.003562255
BMPR1A	-0.003564954
PXK	-0.003569434
SHMT2	-0.003575451
MMAB	-0.003577029
CCKBR	-0.003577068
EPCAM	-0.003578195
POLE	-0.003578363
INTS6L	-0.003581015
PBRM1	-0.00358224
DCLK1	-0.003583329
PCIF1	-0.003583534
KLRG2	-0.003583818
SLCO3A1	-0.003584371
ADRB1	-0.003586792
CKMT2	-0.00359107
ZC4H2	-0.003591124
BANF1	-0.003596873
MDC1	-0.003599042
SRCAP	-0.003603469
HNRNPUL1	-0.003604675
INPP5B	-0.003605202
TMEM200B	-0.003605924
SPDYE6	-0.003610083
LTC4S	-0.00361367
EGFLAM	-0.003615108
CFC1B	-0.003615579
TEX19	-0.003618893
C5orf63	-0.003619789
CDCA2	-0.003621528
NUDT1	-0.003622163
ADARB1	-0.003626547
USP21	-0.003627795
TYMS	-0.00362977
AEBP1	-0.003635144
ZNF248	-0.003636114
KCNJ4	-0.003637651
PSIP1	-0.003638462
SLC7A11	-0.003642134
SLC25A40	-0.003642538
LHX4	-0.003643466
SLC16A2	-0.003646254
TMPPE	-0.003646509
ANKRD20A1	-0.003648176
SNRPA	-0.003650158
MCUB	-0.003651953
PC	-0.003657569
UGT1A9	-0.00365811
NUP155	-0.003664946
KRT73	-0.00366998
DHODH	-0.003670486
ZNF653	-0.003670811
DNMT1	-0.003676382
ZNF410	-0.003676487
SMTNL2	-0.003676545
CHEK1	-0.003679296
TAF4	-0.003682857
CDCA7L	-0.003689116
PCDHGC3	-0.003691335
KLK9	-0.003691564
HSPA2	-0.003691864
C4orf46	-0.00369232
ASAP3	-0.003692328
PID1	-0.003695164
KCNG1	-0.003696741
POU4F2	-0.003699858
WT1	-0.003703427
TYW3	-0.003705151
SPATA6	-0.003708316
STEAP4	-0.003711077
TRDMT1	-0.003712274
FAAP24	-0.003712613
RCC1	-0.003713169
S1PR1	-0.003715801
HAUS5	-0.003717032
PAFAH1B3	-0.003718598
MCM3	-0.003719286
REXO5	-0.003719707
AKAP14	-0.003721141
AURKB	-0.003721627
SH2D5	-0.003722358
DHRS13	-0.003723496
NR2C2	-0.003724309
ORM1	-0.00372476
GNB1L	-0.00372645
AKAP7	-0.003728366
CDH3	-0.003729166
HOXD13	-0.003729981
ADRA1A	-0.003730155
PJA1	-0.003730709
HAAO	-0.003733933
LRP3	-0.003735838
KLF4	-0.003735911
PRSS27	-0.003737711
SORL1	-0.003738657
GRIA1	-0.003738951
DARS2	-0.003739215
SRR	-0.003744024
TUBGCP4	-0.003744128
CKAP2	-0.0037465
C6orf132	-0.003748172
GCHFR	-0.003750101
CENPU	-0.003752369
CRYZ	-0.003753937
MASTL	-0.003756469
LRP1B	-0.003758612
GSDMD	-0.003759175
TUBGCP3	-0.003761413
SPDYE1	-0.00376186
RAVER1	-0.003763132
F11	-0.003765251
XAB2	-0.003768589
ZNF681	-0.00377264
MSH2	-0.003773079
JAKMIP1	-0.003775528
C17orf49	-0.003776178
CYP4B1	-0.003776934
RIIAD1	-0.003777303
RAPGEF6	-0.003785279
GCA	-0.003787195
ALDH7A1	-0.003787803
PRICKLE3	-0.003790468
TUSC3	-0.003791615
MMP3	-0.003795058
DHFR	-0.003801619
SMARCB1	-0.003802743
WDR17	-0.00380403
POLD3	-0.003807243
SAMD15	-0.003808197
ZDHHC11	-0.003811516
SENP1	-0.003815248
AGBL2	-0.003816232
SCLT1	-0.00381731
SMC1A	-0.003818626
NDC1	-0.003818706
IKZF4	-0.00382029
FAP	-0.003823348
DEK	-0.003826378
CENPO	-0.00383064
CHMP6	-0.003831264
RAD21	-0.003832198
NCAPG	-0.003833126
TRPV1	-0.003833313
VWA8	-0.003833861
MAP3K21	-0.003834442
ACOT2	-0.003834621
MYO1F	-0.003834856
FADS2	-0.003835213
CABP7	-0.003837153
VCX3B	-0.003838433
TREX2	-0.003839405
NUPR2	-0.003840241
BEND3	-0.003842427
TCF12	-0.003843644
MIS18A	-0.003845311
CTDSP2	-0.003848607
UBE2C	-0.003848651
CCNB1	-0.003850677
RHNO1	-0.00385744
PIWIL1	-0.003859829
WASF2	-0.003862062
IRAK3	-0.003864663
FOXC2	-0.003865673
SRSF1	-0.003869757
PNMA8A	-0.003869865
SPTLC3	-0.00387201
RASSF5	-0.003872556
RLN2	-0.003873003
DTL	-0.003873311
LGSN	-0.00387776
TMEM249	-0.003882342
CDKAL1	-0.003882597
TRIM4	-0.003886529
SIX3	-0.003888535
DEPDC4	-0.003891701
EXOSC8	-0.003892663
NACA2	-0.003893362
FAM3D	-0.003893403
ZNF460	-0.003896423
SHISA3	-0.003899009
SFMBT2	-0.003901485
SLC25A52	-0.003902175
LRRN4CL	-0.003904789
CAVIN3	-0.003905083
LHPP	-0.003911325
ZNF750	-0.003911949
PLP2	-0.003912056
ACTL10	-0.003913307
NTRK1	-0.003913684
BCAM	-0.003914426
KRT71	-0.003914561
KNTC1	-0.0039152
FXN	-0.003916503
GLB1L3	-0.003918439
NEU4	-0.003922971
MRPL11	-0.003923369
KPNA7	-0.00392402
MEFV	-0.003927698
NARS2	-0.003928489
SAP30	-0.003934733
CKS1B	-0.003937358
FGF19	-0.003938771
CLDN23	-0.003939145
RFX4	-0.003940797
BIRC5	-0.003940829
DHCR24	-0.003943136
GJA3	-0.003943197
FAM161A	-0.003944148
PRR12	-0.003945237
MALL	-0.003946786
CT83	-0.003947299
FKBP5	-0.003947444
CRHR1	-0.003950073
FUZ	-0.003953361
CENPI	-0.003954339
HS6ST1	-0.003954445
CEMIP	-0.003958342
PRR4	-0.003959331
IL11RA	-0.003960063
TIAM1	-0.0039608
DBP	-0.003965512
SORBS3	-0.003965804
AP1M2	-0.003966118
THOC6	-0.00396646
CLVS1	-0.003968958
FAM86B2	-0.003969033
SLC27A3	-0.00396922
MARK1	-0.003971002
KLK6	-0.003971193
TGIF2LX	-0.003974428
TMSB15B	-0.003974729
FUS	-0.003979532
CAT	-0.003980112
HOGA1	-0.003980824
SAMD11	-0.003981181
FXYD1	-0.003982584
PUDP	-0.0039868
PHC1	-0.003987792
UTP14C	-0.003989489
ABL1	-0.003990419
RADIL	-0.003993838
SDR42E1	-0.00399714
CYB5RL	-0.004011009
KAZALD1	-0.004019464
MECOM	-0.004020212
NKX2-2	-0.004021411
HOXC10	-0.004022526
S100A14	-0.004025935
FOXP1	-0.004026221
SEPHS1	-0.004038202
ZNF185	-0.004039859
PVALB	-0.004039945
MB	-0.004041292
SLC44A5	-0.004041822
PECR	-0.004042476
DEPDC1	-0.004043067
SMO	-0.00404439
CLMP	-0.004045425
KIAA1958	-0.004047657
MTSS2	-0.004050807
TRIB3	-0.004051155
NFIA	-0.00405228
GTSE1	-0.004058833
TAS2R31	-0.004059722
HYLS1	-0.004060925
GDF7	-0.004062482
SLC37A4	-0.0040699
MAGED4	-0.004072616
ZNF853	-0.004076725
GXYLT2	-0.004078442
DAZAP1	-0.004088137
NID2	-0.004095594
PRH1	-0.004096158
ZNF536	-0.004096227
ZNF16	-0.004100009
EOMES	-0.004101723
ZNF618	-0.004102706
RAB3IL1	-0.004106163
CRYBG1	-0.004108697
ZNF496	-0.004112566
TSSK4	-0.004114041
MIS18BP1	-0.004114677
USP28	-0.004115143
TRIP13	-0.004122474
PAGE2	-0.004124315
KIRREL3	-0.004129013
VWDE	-0.004131153
UNC5A	-0.004137173
FAM86B1	-0.004140637
IL37	-0.004141435
IL1F10	-0.004141516
DNAH9	-0.004143058
ARID5B	-0.004154656
KCTD8	-0.004160594
C2orf80	-0.004166899
PRTFDC1	-0.004168013
MROH8	-0.004170451
WRAP53	-0.004173457
HCFC1	-0.004174507
C19orf73	-0.00417743
UGT1A8	-0.004181944
CASZ1	-0.004187046
NUF2	-0.004189093
PLEKHA6	-0.004190126
GPATCH3	-0.004191425
ZNF711	-0.004192349
NOD1	-0.004193346
APOC3	-0.004193433
CDC6	-0.004196182
UNC5B	-0.00419647
SFMBT1	-0.004197063
KLK11	-0.004198283
GAS1	-0.004198424
FAM110A	-0.004200008
LRRC38	-0.004210491
FRAS1	-0.00421167
TCF7L1	-0.004212973
ID4	-0.004215299
SMPDL3A	-0.004215321
CFAP52	-0.004218664
TGIF2LY	-0.004220779
TP53TG5	-0.00422504
AURKA	-0.004228936
PPIAL4A	-0.004229499
NCAM1	-0.004229853
MYH7B	-0.004230215
ZNF519	-0.004232231
ARX	-0.004237538
SLC10A1	-0.004240162
CCDC200	-0.004241206
PSAT1	-0.004242754
KCNIP2	-0.004253818
PDLIM3	-0.004254805
KCND3	-0.004260964
NCCRP1	-0.004263265
HELLS	-0.004264116
RAD51	-0.004267836
C14orf93	-0.004270658
POLA2	-0.004270893
PTGIR	-0.004272302
SDR16C5	-0.004272536
LRRC34	-0.004274038
SAMD12	-0.004276507
MRM2	-0.004277115
GBGT1	-0.004277829
FAM162B	-0.004278562
C8orf34	-0.0042787
PDGFD	-0.004280538
RSPO4	-0.004281417
CDC20B	-0.004284003
PABPC5	-0.004284674
LARGE1	-0.004285466
RRM2	-0.004285852
PTH1R	-0.004286372
CABLES2	-0.004286555
ITGBL1	-0.004292761
CHAF1A	-0.004295323
HNRNPA1L2	-0.004301537
ONECUT2	-0.004307957
STAMBPL1	-0.004309928
GSTA1	-0.004314174
CENPQ	-0.004315077
GIPC3	-0.004319238
KCNIP3	-0.00432195
ACCSL	-0.004326092
RMI2	-0.004327405
CFAP126	-0.004328294
HSD3B1	-0.004331097
TBX18	-0.004331692
DIAPH3	-0.004332391
SPDYE5	-0.004334204
NKX1-2	-0.004334567
MME	-0.004336769
OR6T1	-0.004340077
PKP1	-0.004341877
ARPIN	-0.004344502
AARD	-0.004350783
APOA2	-0.004355029
SEMA3F	-0.004355688
ZWINT	-0.004357044
USP51	-0.004357214
RBM11	-0.004357765
CDKL1	-0.004363921
ZNF214	-0.00436894
CCNJL	-0.004369656
LSAMP	-0.004369693
RFC5	-0.004373563
ZNF483	-0.004375891
EVA1C	-0.004380013
CDCA5	-0.004381399
GRIN2D	-0.004385834
SCD	-0.00438724
TMTC4	-0.004390573
UGT1A7	-0.004391272
KAT5	-0.004397483
NMUR2	-0.004401618
CA5A	-0.00440183
DXO	-0.004406653
HESX1	-0.004410591
NDN	-0.00441106
TSPAN18	-0.004412305
ZBTB12	-0.004413837
FAT2	-0.004418334
KCTD12	-0.004418864
SYDE2	-0.004421064
SPIN4	-0.004421413
LRRC4	-0.004423234
HERC3	-0.004426455
PBX1	-0.004427903
MYLK	-0.004428377
PTER	-0.004428609
CXCR6	-0.004429472
NDE1	-0.004433332
TBX6	-0.004434574
KLK13	-0.004435021
LRRC20	-0.004435164
ANKRD2	-0.004438877
KIF5C	-0.00444188
ADAM22	-0.004443754
MBOAT2	-0.004446053
VSTM1	-0.004446241
POLD1	-0.004446722
CLSPN	-0.004447554
LITAF	-0.004449153
SLC27A6	-0.004449994
APELA	-0.00445086
ADGRE1	-0.00445264
ZNF556	-0.004455068
NRSN1	-0.004455597
PARP1	-0.004461761
CHEK2	-0.004464469
TMEM232	-0.004464915
BEND5	-0.004465201
PAH	-0.004465769
ITGA4	-0.004471242
FEZF2	-0.004471743
FRS3	-0.004478856
C21orf58	-0.004480873
TMCO6	-0.004481211
SULF1	-0.004482398
VCX	-0.004484849
LIPT2	-0.004493022
AKNA	-0.004494128
KNG1	-0.004494948
ACOT1	-0.004498311
POTEG	-0.004506873
PHYHIP	-0.004513162
GSTM4	-0.004515465
TMEM125	-0.004517482
GLT1D1	-0.004524336
DBF4	-0.004525418
DTNB	-0.004525457
PIP	-0.004525479
HADH	-0.0045277
NXPH1	-0.004528701
CEP162	-0.004532055
VEGFC	-0.004533759
IRS4	-0.004539365
GSC	-0.004541759
CDC7	-0.004548269
KIF18A	-0.004553796
ZFP42	-0.004557262
SULT2B1	-0.004564134
MATN3	-0.004566102
LHB	-0.004566781
SPAG8	-0.004575958
MROH6	-0.004577565
METAP1D	-0.00457922
PIM1	-0.004591487
ANP32B	-0.004592241
TEAD2	-0.004593447
RFC4	-0.004594041
SMC4	-0.00459638
DOCK11	-0.004600362
INO80B-WBP1	-0.004601916
KLK7	-0.004608136
MAP10	-0.004614348
CDK1	-0.004618538
LMO1	-0.004618609
MAMDC4	-0.00462603
P2RX3	-0.004632223
RNFT2	-0.004639033
TPK1	-0.004646957
GP6	-0.004650163
DNA2	-0.004653222
OR51E1	-0.004653492
SALL1	-0.004658434
ARHGAP44	-0.004659158
FAM167B	-0.004661288
PTH2	-0.004663956
TTPA	-0.004665283
ZNF169	-0.004665788
RFX2	-0.004665809
LDHB	-0.004666493
PRKCA	-0.004666538
CSF3R	-0.004667952
ASF1B	-0.004671863
KCNJ8	-0.004678201
EDNRA	-0.004678496
FABP5	-0.004680361
PHF19	-0.004684877
RNF103-CHMP3	-0.00468525
CHST13	-0.0046921
IFNLR1	-0.004694385
GPR75	-0.004698645
GRIK2	-0.00470031
HAUS8	-0.00470033
MCM4	-0.004700907
SUV39H1	-0.004704498
SHCBP1	-0.004715459
PLCL2	-0.004716786
OVOL2	-0.004721248
UGT2B28	-0.004724346
FANCG	-0.00472989
XAGE5	-0.00473087
CCDC121	-0.00473235
TCF19	-0.004733012
NEK2	-0.00473752
ITGB3BP	-0.004737632
DLK1	-0.004740826
ASCL2	-0.004741484
SLITRK5	-0.004741994
STK32B	-0.004749503
MAL2	-0.004753013
TMPRSS15	-0.004755259
GNG4	-0.004755983
MAD2L1	-0.004760999
TMEM39B	-0.004762194
ARMC2	-0.004763359
NEDD8-MDP1	-0.00476769
SCNN1B	-0.004775628
SLC16A14	-0.004778849
APOA4	-0.004782869
KBTBD4	-0.004784801
PTMA	-0.004786132
NEIL3	-0.004786997
MFSD2B	-0.004790691
LRFN5	-0.00479085
MPND	-0.004794983
AMHR2	-0.004796133
VPS52	-0.004797902
ZYG11A	-0.004799259
ADGRG6	-0.004800029
STARD5	-0.004803394
DNM1	-0.004806611
TACC3	-0.004806786
SLFN11	-0.004807288
VARS2	-0.004807302
USP1	-0.004807387
TMEM26	-0.004809655
HIRIP3	-0.004816557
SBSPON	-0.004821138
CENPE	-0.004821681
TRPV3	-0.00482318
LEKR1	-0.004826674
TOX2	-0.004828078
RGL3	-0.004834672
WNT7A	-0.0048352
TGFB1I1	-0.004838076
GPA33	-0.004841072
UBE2T	-0.004841516
CRTC3	-0.004844661
TNFAIP6	-0.00484478
STIL	-0.004845276
CCDC15	-0.004849847
TRRAP	-0.004854732
IRAK1BP1	-0.004855226
SMIM10L2B	-0.004857531
DIRAS2	-0.004860152
POC1A	-0.004860313
CNTNAP4	-0.004861426
LIM2	-0.004863153
LRRK1	-0.004869297
ARHGAP28	-0.004872026
IRX4	-0.004874107
AUNIP	-0.004876338
DSCAML1	-0.004878758
LEFTY1	-0.004879971
MMS22L	-0.004897584
GNAO1	-0.004900259
GNB3	-0.004906671
TTC28	-0.00490794
IRX2	-0.004908364
POLA1	-0.004908405
TRIM61	-0.004909311
FFAR4	-0.004909513
PRRG4	-0.004909886
ATP8B3	-0.004919468
EIF4E3	-0.004923229
CNTRL	-0.004929499
PLEKHG3	-0.00493251
KCNE4	-0.00493368
CTAGE9	-0.004937958
LPAR1	-0.004939654
CCDC13	-0.004940726
CFC1	-0.004947588
CES1	-0.004948742
RNF144A	-0.004956803
FANCI	-0.004957326
SERPINA11	-0.004967023
HOXB7	-0.004969422
SPDYE2B	-0.004971887
HOXB2	-0.004973116
HYKK	-0.004973214
NDC80	-0.004974851
FGA	-0.004975012
HNRNPM	-0.004977432
SKP2	-0.004979863
ESPL1	-0.004981588
NOS1AP	-0.004981777
FAIM2	-0.004983741
INSL3	-0.004987134
BRCA1	-0.00498834
FHL1	-0.004989599
GABRG2	-0.004989768
RMI1	-0.004991325
GRIK1	-0.004994489
LHX9	-0.00500216
LXN	-0.005003499
PITPNM3	-0.005007854
CCDC18	-0.005012527
PRRT4	-0.005015626
EDA	-0.005015891
ANKRD18B	-0.005018559
TSPAN8	-0.005019821
POLQ	-0.005026173
ZNF558	-0.00502695
ARHGAP25	-0.005029559
HTD2	-0.005029653
THRB	-0.005030863
ANO3	-0.005033142
MXRA5	-0.005036383
L3MBTL4	-0.005036844
PHF7	-0.005038922
KIF4B	-0.005039985
INSYN2A	-0.005045152
GINS3	-0.005050262
KLHL23	-0.005050343
HNRNPA1	-0.005050572
TAF6	-0.005052839
KRT14	-0.005053055
SLC51B	-0.005056398
ACER1	-0.005066369
ASGR2	-0.005068224
AGR2	-0.005068544
MAMLD1	-0.00507046
MCM2	-0.0050718
NKX6-3	-0.005073847
KREMEN1	-0.005075744
FAM3B	-0.00508254
ALG10	-0.005085027
BRICD5	-0.005085171
COQ3	-0.005087897
SCML2	-0.005092463
ADM2	-0.005093028
FBL	-0.005094369
PLEKHH2	-0.005096544
SKA1	-0.005097733
LCP2	-0.005098297
CDC45	-0.005099211
WWC1	-0.005104462
ZNF625	-0.005105953
ZNF423	-0.005112759
LBR	-0.00511333
RAMP2	-0.005114903
NXPH3	-0.005114995
RGS7BP	-0.005116839
ZNF98	-0.005122462
CBR1	-0.005123676
BLM	-0.005131683
CRISP3	-0.005137149
SPC25	-0.005138224
CNTNAP3C	-0.005143133
SYN2	-0.005154177
ZNF57	-0.005154844
GFRA3	-0.005167214
CYP4F12	-0.005167859
ANLN	-0.005170931
NLGN4X	-0.005178421
TRIM7	-0.005189183
WDR62	-0.005190248
USP43	-0.005192196
CLPSL1	-0.005193622
PHETA2	-0.005194
GFRA2	-0.005194421
EDN2	-0.005198803
MYLK3	-0.005204345
ARHGAP19	-0.005208705
TEAD4	-0.005215923
STX16-NPEPL1	-0.005216777
TSHZ3	-0.005218449
ACSM2B	-0.005220416
SEZ6L	-0.005222601
RNF175	-0.005225031
OR2W3	-0.00522523
FAM72D	-0.005226544
ZNF628	-0.005229027
EPDR1	-0.005231766
MYBL2	-0.005232236
RTL1	-0.005235618
SSRP1	-0.005236485
GINS1	-0.005237937
CD2	-0.005239625
PIR	-0.005250641
CNRIP1	-0.005262605
PDGFRA	-0.00526431
GDF10	-0.005266075
PRKCG	-0.005270685
OTX2	-0.005272387
CARD11	-0.005278321
EVC2	-0.005282229
OOEP	-0.005288621
TMEM97	-0.005294173
DOCK10	-0.00530023
LRP4	-0.005305798
LYPD6	-0.005308538
EPO	-0.005311731
CAND2	-0.005316074
ZNF860	-0.005316149
SHANK2	-0.005316271
ALDH1L2	-0.005318645
RTBDN	-0.005325803
KIFC1	-0.005327209
KCNK5	-0.005331658
RIC3	-0.005347656
HAUS4	-0.005354608
PCDHGA7	-0.005357005
DBF4B	-0.005360275
CCDC63	-0.005363316
CKAP2L	-0.005370396
STMN1	-0.00537094
ZNF257	-0.005385824
ORC1	-0.005387461
GPC6	-0.005392695
MELK	-0.005393237
NOVA1	-0.005393549
B3GAT2	-0.005400584
SHLD1	-0.005405071
BRCA2	-0.005410319
TXNDC16	-0.00541141
KIF14	-0.005417222
FGB	-0.005418605
FAM169A	-0.005418738
DCN	-0.005419818
PLPPR5	-0.005422174
MOB3B	-0.005422387
PSG5	-0.005435897
STX19	-0.005436792
ADAMTSL3	-0.0054374
CNKSR3	-0.005444243
ZGRF1	-0.005451684
ISM1	-0.005455651
SUSD4	-0.005455855
FANCD2	-0.005461758
MATR3	-0.005467046
FGF7	-0.00547263
HMGN2	-0.005476334
PRSS12	-0.0054778
CELF2	-0.005486185
ATAD5	-0.005508935
FBXO4	-0.005511173
LRIG3	-0.005514096
MSANTD3-TMEFF1	-0.005515294
AJAP1	-0.005520149
HAS1	-0.005524052
HACD4	-0.005524429
PF4	-0.005524611
CIART	-0.005525518
RBL1	-0.005531771
BOC	-0.005538716
RAD51AP1	-0.005551523
CHST8	-0.005565374
KIF20B	-0.005571988
TNK1	-0.00560423
FAM72C	-0.00560974
INCENP	-0.00561205
SPNS3	-0.005614877
TENT5B	-0.005626247
WFDC5	-0.005628627
MEIS2	-0.005629205
PER3	-0.005637534
TMPRSS3	-0.005638427
PCK2	-0.005638494
ZNF395	-0.005639318
MS4A8	-0.005640376
GRIK4	-0.005644395
SLC38A4	-0.005653505
SLCO1B7	-0.005653846
MCM6	-0.005654785
VAX1	-0.005655536
ZNF367	-0.005656084
TP53TG3D	-0.005657047
ITM2A	-0.005663179
GLS2	-0.005665757
KLK8	-0.005666257
C1R	-0.00566893
SERPINA10	-0.005669539
FBLN1	-0.005673331
GGT6	-0.005674284
IQGAP3	-0.005685295
DUSP2	-0.005687302
NSD2	-0.005691075
MEX3B	-0.005692356
CYP4F11	-0.005692754
CACNB2	-0.005694922
JDP2	-0.005699539
TMEM204	-0.005700004
KCNAB3	-0.005701129
MAP3K8	-0.005708661
ADCY3	-0.005709258
FOXA3	-0.005717388
TPX2	-0.00571806
SKIDA1	-0.005722564
TET1	-0.005723399
ERICH5	-0.005725764
UHRF1	-0.005726303
LMNB2	-0.005726906
PTTG1	-0.005730944
RASSF10	-0.005737885
HNRNPCL2	-0.005738252
HOXA6	-0.00574053
ARHGEF39	-0.005751007
ARHGAP33	-0.00576039
MT1A	-0.005761579
SOX21	-0.005761588
KIF22	-0.005761786
ZNF497	-0.005766991
ARSI	-0.005772056
PTCH1	-0.005772253
RNF26	-0.005772898
BUB1B	-0.005774756
CCNF	-0.005777149
PRPH2	-0.005782051
MYCL	-0.005787014
ARHGAP8	-0.005791958
BARD1	-0.005795631
TUSC1	-0.005797733
SLCO1B3	-0.005799154
GYPE	-0.005799293
NCAPG2	-0.005803627
SLC17A3	-0.005807216
PRRT1	-0.005813899
ZBED3	-0.00581645
MMP11	-0.005816862
HTRA3	-0.005818275
ADGRL2	-0.005821131
EME1	-0.005830379
C6orf163	-0.005832319
SLC5A4	-0.005833854
GPR17	-0.005834822
KDM4D	-0.005836659
VSTM4	-0.005838214
SOSTDC1	-0.005838763
RORC	-0.005839707
PRR11	-0.005841173
CCDC74A	-0.005844106
FGD1	-0.005850526
KHDC1	-0.005851307
PSRC1	-0.005851698
SLC9A9	-0.005858619
EZH2	-0.005864102
HEPACAM2	-0.005865256
PRKD1	-0.005866987
KIF24	-0.005869628
TOP2A	-0.005873512
ACAT2	-0.00587578
IGSF5	-0.005876285
PTGIS	-0.005896882
MAB21L1	-0.005897194
MEIS1	-0.005897991
TRPC6	-0.005903267
ZNF501	-0.00590351
NRIP2	-0.005907715
PRODH2	-0.005909128
TMEM244	-0.005912396
AIF1	-0.005919147
RAB39B	-0.005924519
TIMD4	-0.005929293
SLC7A4	-0.005933599
CCDC150	-0.005935502
RFESD	-0.005935513
MLXIPL	-0.00593939
CENPF	-0.005943242
GABRD	-0.005956886
HASPIN	-0.005956946
RAB33A	-0.005961585
PTGDR2	-0.005965481
FBXL7	-0.005965729
AKR1E2	-0.005969334
DLX6	-0.005978425
ASIC1	-0.00598432
ACSS1	-0.005995901
TMEM52B	-0.005997736
MYH11	-0.005997866
ZNF385D	-0.005999747
DDIAS	-0.006003003
XYLT1	-0.006003211
SLC6A15	-0.006003215
SEMA6B	-0.006010104
ACACB	-0.006010181
NUDT13	-0.006013565
PASK	-0.00601594
ZMYND10	-0.006022382
MKRN3	-0.006032968
OMG	-0.006035453
AMOT	-0.00603554
CCN3	-0.006039627
NTF3	-0.006040425
SDK1	-0.00604233
ACOX2	-0.00605164
PABPC1L2A	-0.006052147
CRLF2	-0.006052854
KIF2C	-0.00605571
CLEC2B	-0.006058047
C16orf86	-0.006062837
TMEM71	-0.006063834
KLF11	-0.006067377
RIBC1	-0.006074527
TRIM58	-0.00608347
COL8A2	-0.006094927
ZNF19	-0.006097947
TIMELESS	-0.006098023
PIF1	-0.006100024
KCNA5	-0.006101745
NMU	-0.006103163
KRT5	-0.006108145
CDC25B	-0.006113249
PRELP	-0.006115759
PTTG2	-0.006128638
PNMA8B	-0.006133644
CGB7	-0.006136475
NRN1	-0.006136782
RACGAP1	-0.006137017
CCDC61	-0.006140486
ABCG8	-0.006142429
RNASEH2A	-0.006146162
NRM	-0.006156876
ACBD7	-0.006161363
MCM5	-0.006162711
DPT	-0.006163062
DLGAP5	-0.006170679
HELB	-0.006170835
PRR22	-0.006178378
KIF18B	-0.006180595
TSPYL5	-0.006183268
ACP7	-0.006185055
PCGF2	-0.006186518
PPIAL4F	-0.006191789
MN1	-0.006192409
APOBEC3D	-0.006200072
NAV2	-0.006204195
TMEM30B	-0.006220405
PABPC1L2B	-0.006225086
VWA7	-0.00623366
PPIAL4C	-0.00623389
JPH2	-0.006238045
GPR141	-0.00623846
ROR1	-0.006239349
ESCO2	-0.006248439
E2F2	-0.006249404
C1QTNF9B	-0.006270306
FCGR2A	-0.006274383
ZNF726	-0.006279271
TAS2R19	-0.006279399
SLC17A6	-0.006281716
HBG2	-0.00628282
SGO1	-0.006286579
NSUN7	-0.006290574
CCDC74B	-0.006294624
TTK	-0.006308969
TTC23L	-0.006309894
TK1	-0.00631467
TESMIN	-0.006317747
ZFP57	-0.006321107
PCDH8	-0.006323758
C6orf58	-0.006324372
RBP5	-0.006325152
NUSAP1	-0.006325418
FBXO5	-0.006325781
CENPW	-0.006329378
ABHD14A-ACY1	-0.006335633
KIF11	-0.006337162
ALDH1A1	-0.006351303
SALL2	-0.006361047
HNRNPCL4	-0.006364007
SLC16A11	-0.006369622
NCAPD2	-0.006370237
SLC16A13	-0.006377589
INSC	-0.006382108
KCNK10	-0.006392638
CYP4A11	-0.006395559
C13orf46	-0.006395615
STOX1	-0.006400629
MAZ	-0.0064072
CENPM	-0.00640748
PKLR	-0.006408003
ST8SIA4	-0.006413878
LRRC75A	-0.006419425
TNC	-0.006421408
FLRT1	-0.006421904
SLFNL1	-0.006433502
RNLS	-0.006437745
SP9	-0.006440987
TP73	-0.006451026
EYA1	-0.006451964
TVP23A	-0.006456899
DNAJC15	-0.006466006
CIT	-0.006469788
CD164L2	-0.00647421
ARHGAP11B	-0.006474864
PCLAF	-0.006475532
LRRTM4	-0.006482618
AXL	-0.00648509
APCDD1	-0.006493526
NRGN	-0.00649845
SLC6A9	-0.006504199
ZNF311	-0.006505245
TFAP2A	-0.006508101
HOXA4	-0.006511085
SPAG6	-0.006516847
EIF4EBP3	-0.006521373
C1orf21	-0.00652881
SLC38A3	-0.006529021
CPNE5	-0.006534925
APOBEC3B	-0.006543558
CASP14	-0.006563233
CGB3	-0.00656505
RTN4RL1	-0.006566881
CCNB2	-0.006567925
KRT77	-0.006573408
SPAG5	-0.00657392
KRBOX1	-0.006577566
EFS	-0.006579828
CCDC163	-0.006588884
PRR5-ARHGAP8	-0.006593612
DUSP15	-0.006608381
TCEAL7	-0.006609245
ASPM	-0.006615149
ANKRD53	-0.006633885
SHMT1	-0.006637284
HMMR	-0.006640081
SEMA3D	-0.006640898
KANK3	-0.006644682
CACNA1G	-0.00665167
PLA2G3	-0.006655103
CYYR1	-0.006657002
MUC15	-0.006662105
DNAH10	-0.006680935
CXXC4	-0.006686009
KIAA1614	-0.006686847
SOWAHB	-0.00668975
UPK3A	-0.006692057
COL1A2	-0.006711079
XK	-0.006712221
ACADL	-0.006724722
LYPD3	-0.006734771
STAC	-0.006738176
PIMREG	-0.006747429
DIRAS3	-0.006750677
DACT2	-0.006753135
GINS2	-0.006756664
TRIM59	-0.006762458
C10orf95	-0.006776756
GAS2L3	-0.006778225
PDXP	-0.006798927
KLK12	-0.006799487
CDH18	-0.006815523
ZNF572	-0.006822915
GPR50	-0.006826871
HS3ST2	-0.006852795
AGAP5	-0.006854121
NPFFR1	-0.006874594
LIN9	-0.006875841
KNL1	-0.006879097
REM2	-0.006887406
CCNA2	-0.006889678
FITM1	-0.006895039
ADAMTS15	-0.006895974
PLK4	-0.006897458
FBXO16	-0.006900535
HOXA1	-0.006906059
C19orf33	-0.006909583
CDT1	-0.006914321
GIPR	-0.006919352
INAVA	-0.006927281
RHEBL1	-0.006930881
CENPA	-0.006931606
ZNF560	-0.006948799
AUTS2	-0.006948983
NUDT11	-0.006959385
SLC8A1	-0.006974623
KIF4A	-0.006979715
DERPC	-0.006987565
MKX	-0.006988029
IGSF21	-0.006995271
TMEFF2	-0.006996729
SPESP1	-0.007000329
FBLN2	-0.007007154
GPC2	-0.00700893
ARHGAP11A	-0.007012042
ZNF670-ZNF695	-0.007028242
NXNL2	-0.007028319
ETV2	-0.007028407
TGIF2-RAB5IF	-0.007031639
LAYN	-0.007040455
LARGE2	-0.007042398
CRYBB1	-0.007045013
ATP5MF-PTCD1	-0.007058866
SPANXA1	-0.007066455
NEURL1	-0.007073425
PPP1R3G	-0.007091007
PPM1N	-0.007118189
DTX4	-0.007118359
SERPINB11	-0.00712128
EN1	-0.00713038
STPG4	-0.007136414
DEPDC1B	-0.007140121
PDPN	-0.007142373
EBF3	-0.007145057
TMPO	-0.007173581
POU6F2	-0.007176487
AK8	-0.007179989
PYCARD	-0.007194014
ANXA3	-0.007201798
ARPIN-AP3S2	-0.007203774
MCM7	-0.007229699
AGER	-0.007240792
EDIL3	-0.007248496
EXPH5	-0.00728298
GPR4	-0.007290747
KAZN	-0.007302877
TFAP4	-0.007305667
EAF2	-0.007316172
CSRP2	-0.007323427
FGF13	-0.007325894
ADH4	-0.007326858
WDR76	-0.007329642
SYNE2	-0.007334338
CAMSAP3	-0.007334892
COX7A1	-0.007344229
LGALS9B	-0.007348
FRMPD4	-0.007348312
CNTF	-0.007352546
CENPH	-0.007353305
SELENBP1	-0.007359216
GRK3	-0.00736269
HOXA9	-0.007371396
TGFBR3L	-0.00737757
SLC22A15	-0.007383557
CDCA8	-0.00738805
PITX1	-0.007390442
CAPSL	-0.007393908
ITPRIPL1	-0.007395193
CHDH	-0.007399745
BORA	-0.00740809
RFX8	-0.007416293
CISH	-0.007436474
CLUL1	-0.007436893
C17orf113	-0.007436898
PLIN4	-0.007443066
CDH4	-0.007450078
ZNF730	-0.007451705
PLAC1	-0.007463055
CRACR2A	-0.007464082
PLXDC2	-0.007464986
SPSB4	-0.00747486
CFAP43	-0.007483241
ERCC6L	-0.00749265
ANKRD61	-0.007501743
STIMATE-MUSTN1	-0.007502442
SDK2	-0.00751687
FLT3LG	-0.007524801
RTKN2	-0.007533085
PON3	-0.00755126
FGFBP1	-0.007556982
SYT13	-0.007558084
TFAP2B	-0.007563117
CCDC153	-0.007566402
LRRC8E	-0.007580808
EFCAB10	-0.007595428
S100A9	-0.007599848
TBXAS1	-0.007606669
OLFML1	-0.0076156
ZNF619	-0.007616848
FST	-0.007628993
XKR3	-0.007636422
SAPCD2	-0.007638767
ALPG	-0.007653194
NPM2	-0.007657504
NAALADL1	-0.00767632
PRC1	-0.007681154
IMPA2	-0.007696203
GPSM2	-0.007701682
FZD10	-0.007701953
CA4	-0.007703614
LHX1	-0.007717565
SPC24	-0.007718954
LEMD1	-0.007726375
CASP10	-0.007729002
VIT	-0.007735286
PHGDH	-0.007741502
CDCA7	-0.00774457
CNTN3	-0.00774564
NRG2	-0.007750608
RAD54L	-0.007755415
ZNF695	-0.007764865
GLI3	-0.007766007
MATK	-0.007771067
TUBA8	-0.007798202
PPFIA2	-0.007800551
ERBB3	-0.007820134
WDR86	-0.007822045
PODNL1	-0.007827802
PCOLCE	-0.007845864
VAV1	-0.007846387
CBLN1	-0.007853364
ISL1	-0.007857733
GRIA4	-0.007862505
GKAP1	-0.007864354
CGB2	-0.007865199
TRAIP	-0.007888827
CHAF1B	-0.007920276
ALOXE3	-0.007941871
EDAR	-0.007956918
CNKSR1	-0.007977905
CFAP221	-0.007985533
FAM83D	-0.00799748
KLF15	-0.008009277
ARHGAP20	-0.008015438
LNP1	-0.008023606
HMX1	-0.008025123
MDH1B	-0.008028941
ABCC8	-0.008036487
ADH1A	-0.008036518
KCNS2	-0.008040223
PLK1	-0.008042077
NCAPH	-0.008050452
BCO1	-0.00805135
FAXC	-0.008057703
VASH2	-0.008079984
PCK1	-0.008081802
CNNM1	-0.00809603
PABPC4L	-0.008108471
TWIST1	-0.008108721
HOXA2	-0.008136468
POTEM	-0.008159721
ABCG4	-0.008162286
SPDYE2	-0.008184123
HMGB2	-0.008186757
APOA1	-0.008195703
GLYATL1	-0.008204865
BUB1	-0.008207887
MKI67	-0.008208665
ABO	-0.008214825
ZNF676	-0.008237217
HOXC4	-0.008248206
UCP2	-0.008251184
CHURC1-FNTB	-0.008252033
PRRG3	-0.008267002
HOXA13	-0.008289549
SCIN	-0.008298467
CNTN6	-0.008303598
CIDEA	-0.008309167
TREH	-0.008313855
PPIAL4H	-0.00832932
TEKT2	-0.008339618
C11orf91	-0.008339737
ZNF22	-0.008351631
CLDN11	-0.00841091
METTL27	-0.008412775
SH2D4A	-0.008429555
CYP7B1	-0.008451164
PLA2G4B	-0.008461618
FAM218A	-0.008468389
RSPH14	-0.008492376
URGCP-MRPS24	-0.008510207
ZC3HAV1L	-0.008513975
BRINP2	-0.0085184
NKX2-5	-0.008531982
CCDC198	-0.008542791
HOXC11	-0.008566199
RGS7	-0.008568059
KIF20A	-0.008571527
CDCA3	-0.008573206
SLC35E2A	-0.008590957
GREM2	-0.008598663
BASP1	-0.008603393
PHYHD1	-0.008607365
PCDH18	-0.008612424
ST20-MTHFS	-0.008616726
CCDC89	-0.008618301
GPR85	-0.008618418
SLFN13	-0.008631769
CNTNAP3B	-0.00863207
GJD2	-0.008634058
GALNT8	-0.008635328
GSTM5	-0.008646023
KIF15	-0.008648195
BMPR1B	-0.008675172
PRSS21	-0.008681164
FBXO43	-0.008681652
ACRBP	-0.0086938
SFRP1	-0.008730651
MEOX2	-0.008731303
HUNK	-0.008770089
SHF	-0.008785646
CDC20	-0.008819304
PYGM	-0.00883657
PPIAL4D	-0.008871986
CHRDL2	-0.008872307
CCBE1	-0.008897267
TMEM176B	-0.008910988
PTPN5	-0.008919264
DPYSL5	-0.008919873
KIF17	-0.008924365
ECM2	-0.00895163
LMNB1	-0.008983395
COL5A3	-0.008984299
TRIML2	-0.008987297
SPATA17	-0.008990731
SPATA25	-0.009003383
PURG	-0.009004439
LRRC46	-0.009024495
PRDM8	-0.009037589
LHX2	-0.00905639
EDDM13	-0.009063833
SNCAIP	-0.009084678
SERPINC1	-0.009094848
SNX22	-0.009110624
L1TD1	-0.009113665
AK7	-0.009119945
HPR	-0.00916497
SERPINF1	-0.009184643
DISP3	-0.009201616
KLHL13	-0.009213118
ITIH1	-0.009221349
SYN1	-0.009226623
MBOAT1	-0.009229896
ZSCAN23	-0.009280887
LHX5	-0.009281907
MAGEB17	-0.009282597
MATN2	-0.00928522
INSYN2B	-0.009296428
SRCIN1	-0.009336165
SMOC2	-0.009344846
PRIM1	-0.009350372
KRT9	-0.009367759
RAB38	-0.009367892
PITX2	-0.009369716
HNRNPCL1	-0.009400763
ZNF467	-0.009400943
SCARA3	-0.009426219
EFHC2	-0.009436398
VIPR2	-0.009445622
GNG10	-0.009458561
LRRTM1	-0.009461787
CGAS	-0.009466692
MYT1	-0.009471274
EFNB3	-0.009489632
MMEL1	-0.009501649
TBX20	-0.009512514
TSTD1	-0.009513073
LY6K	-0.00955268
CDKN2C	-0.009559845
C14orf39	-0.00957568
LEFTY2	-0.009602961
LMX1B	-0.009607219
GOLT1A	-0.009672013
C1QL3	-0.009689708
MYBPHL	-0.009693074
ACTG2	-0.009752201
CDH9	-0.009763267
CDC25C	-0.009766721
MNS1	-0.009771809
CHRM3	-0.009776805
GPR37	-0.009792698
GAGE12B	-0.009811338
PRSS1	-0.009825597
E2F8	-0.009830374
HBE1	-0.00983755
FOLH1	-0.009840758
VWA5A	-0.009857596
TNFSF12-TNFSF13	-0.009864094
NGF	-0.009893734
PTN	-0.009911284
HOXD10	-0.009923019
CNBD2	-0.009937865
DNAH11	-0.01001083
ECHDC3	-0.010018794
CDA	-0.010036321
RAI2	-0.010041641
SCRT2	-0.010046683
VANGL2	-0.010085019
DRC1	-0.010086572
RNF212	-0.010093044
EPHB6	-0.010125716
RCOR2	-0.010148878
HOXB13	-0.010159322
GRID1	-0.010185926
CYP39A1	-0.010241622
ADH1C	-0.010246855
TRPC5	-0.010271581
CALML3	-0.010281315
KCTD14	-0.010303606
FGFR2	-0.010308373
PTPN13	-0.010325777
PINX1	-0.010338475
CFAP300	-0.010380925
SPATA9	-0.010393142
TWIST2	-0.010397628
RBP1	-0.010399582
DNAJB13	-0.010413144
FOXM1	-0.010440628
CCNA1	-0.010453992
S100A8	-0.010481552
CAPN6	-0.010501965
LIPE	-0.010563369
MASP1	-0.010612402
FMC1-LUC7L2	-0.010613605
ZNF492	-0.010636333
KCNJ5	-0.010638986
FPR3	-0.010676354
LPAR3	-0.010756289
CRB3	-0.010773951
FAM83B	-0.010777618
NEURL1B	-0.010777973
P2RY1	-0.010831497
ROR2	-0.010846621
HSPA12B	-0.010952575
TSHZ2	-0.01097571
TRABD2B	-0.010994069
SPDEF	-0.011046937
MISP	-0.011048932
NUDT10	-0.01108158
LEAP2	-0.011087086
IGSF10	-0.011098444
EPHB3	-0.01113528
ZNF732	-0.011153573
GUCY1A1	-0.011194057
GLI1	-0.011205444
JAKMIP2	-0.011207306
VAT1L	-0.011221474
CAMK1G	-0.011226791
CADPS2	-0.011243324
KLK1	-0.011253851
COMMD3-BMI1	-0.011281805
ADRA1B	-0.011292474
C8orf88	-0.011317977
ADM5	-0.011320799
SULT1A1	-0.011323492
ISY1-RAB43	-0.011350431
KRT222	-0.011393673
CTTNBP2	-0.011403309
ZNF704	-0.011428534
TROAP	-0.011448239
TACR1	-0.011466587
ALX1	-0.011489247
SOGA3	-0.01148957
SOX11	-0.0115079
GPC3	-0.011510666
SORCS3	-0.011517969
HPSE	-0.011522607
ISLR	-0.011536048
SLC39A2	-0.011537719
MSC	-0.011557617
GSX2	-0.011576919
PEBP4	-0.011612642
SLC1A3	-0.011620458
IRX1	-0.011630594
KANK4	-0.01168793
PTPRD	-0.011712441
SBSN	-0.011792995
DOK5	-0.011822924
TSLP	-0.011861721
SH3GL3	-0.011872306
PPIAL4E	-0.011891452
CCDC152	-0.011914238
LAMP5	-0.011945547
MCIDAS	-0.01196281
C20orf204	-0.01196531
DMRT2	-0.012016863
PHF21B	-0.012037827
TSPOAP1	-0.012045458
ARHGEF26	-0.012108865
FBLN7	-0.012160087
TMEM132E	-0.01223771
ST6GALNAC3	-0.012252004
LRTOMT	-0.012292922
BRINP3	-0.012326808
GRB7	-0.012338607
SLIT3	-0.012343755
RADX	-0.012365594
TSSK3	-0.012417134
TOX	-0.012419258
SMIM1	-0.012438818
ESRP2	-0.01244073
CA2	-0.012442656
SYCE2	-0.012487034
TUBAL3	-0.012552497
CDK3	-0.012561505
PBX4	-0.012596309
TRMT9B	-0.012609909
OTX1	-0.012620743
THBS2	-0.012620844
ATP6V1G2-DDX39B	-0.012651852
CYP2S1	-0.012755998
KCNQ1	-0.012848942
ISL2	-0.012857908
CORIN	-0.012935498
NDUFC2-KCTD14	-0.012945925
PRKCQ	-0.012961957
HOXA7	-0.01298202
POLE2	-0.012984092
STK26	-0.01299108
FGF9	-0.013032764
HOXD11	-0.013073667
CARMIL3	-0.013079178
CACNG6	-0.013087447
STPG3	-0.013169354
GUCY1B1	-0.013246354
PI16	-0.013280981
SLC16A9	-0.013292481
MYOCD	-0.013322257
FOXP2	-0.013336777
ST6GAL2	-0.013412111
VSNL1	-0.013422454
LRRC71	-0.013449931
OIP5	-0.013505775
NUP62CL	-0.013512274
IL22RA1	-0.013551366
FOXA2	-0.013696039
SYT9	-0.013707066
STON1-GTF2A1L	-0.013722419
RGMA	-0.013756092
IGSF9	-0.013890389
HOXC12	-0.013952835
BLOC1S5-TXNDC5	-0.013961136
NDNF	-0.013978982
TMEM61	-0.013986678
ITGB1BP2	-0.014050647
TRIM39-RPP21	-0.014142251
KDF1	-0.014185902
C1QTNF4	-0.014194753
SBK3	-0.014257807
EYA4	-0.014273713
LAG3	-0.014536461
WNT2	-0.014756791
CNKSR2	-0.014786374
PENK	-0.014814534
GPR19	-0.015004835
EPHA3	-0.015156187
SPAG17	-0.015162531
MYL3	-0.015290709
GPX2	-0.015371252
METTL24	-0.015414519
IRX6	-0.015528849
ACAN	-0.015536219
FAAH2	-0.015602681
GLYATL2	-0.015661635
NRTN	-0.015704451
GP1BB	-0.015705077
PRIMA1	-0.016011788
C1QTNF7	-0.01608387
C4orf36	-0.016087495
EBF2	-0.016125194
IL18R1	-0.016169656
PCSK9	-0.016236051
LDHC	-0.016930954
DMC1	-0.017167961
PRKG2	-0.017239795
HOXD8	-0.017408601
RIBC2	-0.017632891
RBP7	-0.018014517
IL20RA	-0.018167188
OGN	-0.018227783
GABRB1	-0.018294098
ARL2-SNX15	-0.018633219
MTMR8	-0.019282063
HMSD	-0.019298776
ARL9	-0.019301864
DMKN	-0.019329321
RDM1	-0.019632731
AFF2	-0.019975029
EMX2	-0.020069465
OSR2	-0.020721373
CKLF-CMTM1	-0.021198429
SLC7A3	-0.022961614
EYA2	-0.023224667
KHDC1L	-0.025224025
MND1	-0.026090844